Age,Job,Saving accounts,Checking account,Credit amount,Duration,Risk,Sex_female,Sex_male,Housing_free,Housing_own,Housing_rent,Purpose_business,Purpose_car,Purpose_domestic appliances,Purpose_education,Purpose_furniture/equipment,Purpose_radio/TV,Purpose_repairs,Purpose_vacation/others
1.0,2,0,0,0.12040812984162858,0.05263157894736842,good,0,1,0,1,0,0,0,0,0,0,1,0,0
0.06593406593406598,2,0,1,0.7469496716290801,0.9999999999999999,bad,1,0,0,1,0,0,0,0,0,0,1,0,0
0.6593406593406594,1,0,0,0.24186442621071422,0.21052631578947367,good,0,1,0,1,0,0,0,0,1,0,0,0,0
0.5714285714285714,2,0,0,0.9999508671940254,0.9999999999999999,good,0,1,1,0,0,0,0,0,0,1,0,0,0
0.7472527472527473,2,0,0,0.6053161696064463,0.5263157894736842,bad,0,1,1,0,0,0,1,0,0,0,0,0,0
0.3516483516483517,1,0,0,1.0,0.8421052631578947,good,0,1,1,0,0,0,0,0,1,0,0,0,0
0.7472527472527473,2,2,0,0.33868880918455924,0.5263157894736842,good,0,1,0,1,0,0,0,0,0,1,0,0,0
0.3516483516483517,3,0,1,0.8775774251134149,0.8421052631578947,good,0,1,0,0,1,0,1,0,0,0,0,0,0
0.9230769230769231,1,3,0,0.36803747195335657,0.21052631578947367,good,0,1,0,1,0,0,0,0,0,0,1,0,0
0.19780219780219782,3,0,1,0.653007746605742,0.6842105263157895,bad,0,1,0,1,0,0,1,0,0,0,0,0,0
0.1318681318681319,2,0,1,0.13691675264907713,0.21052631578947367,bad,1,0,0,0,1,0,1,0,0,0,0,0,0
0.10989010989010989,2,0,0,0.5316824710525885,0.9999999999999999,bad,1,0,0,0,1,1,0,0,0,0,0,0,0
0.06593406593406598,2,0,1,0.1725544145826168,0.21052631578947367,good,1,0,0,1,0,0,0,0,0,0,1,0,0
0.9010989010989012,1,0,0,0.12433875431959251,0.5263157894736842,bad,0,1,0,1,0,0,1,0,0,0,0,0,0
0.19780219780219782,2,0,0,0.1510670007697473,0.2894736842105263,good,1,0,0,0,1,0,1,0,0,0,0,0,0
0.28571428571428575,1,1,0,0.1352134820419594,0.5263157894736842,bad,1,0,0,1,0,0,0,0,0,0,1,0,0
0.7472527472527473,2,0,0,0.28483925383645325,0.5263157894736842,good,0,1,0,1,0,0,0,0,0,0,1,0,0
0.1318681318681319,2,0,0,1.0,0.6842105263157895,good,0,1,0,1,0,1,0,0,0,0,0,0,0
0.5494505494505495,3,0,1,1.0,0.5263157894736842,bad,1,0,1,0,0,0,1,0,0,0,0,0,0
0.26373626373626374,2,2,0,0.4166461946641773,0.5263157894736842,good,0,1,0,1,0,0,0,0,0,0,1,0,0
0.6373626373626373,2,0,0,0.2468432172161352,0.13157894736842105,good,0,1,0,1,0,0,1,0,0,0,0,0,0
0.5494505494505495,2,2,0,0.3140568957893185,0.05263157894736842,good,0,1,0,0,1,0,0,0,0,0,1,0,0
0.6373626373626373,1,0,0,0.26086244452087326,0.15789473684210525,good,0,1,0,0,1,0,1,0,0,0,0,0,0
0.5494505494505495,2,1,1,0.2036063479585319,0.21052631578947367,good,0,1,0,1,0,0,1,0,0,0,0,0,0
0.1538461538461539,2,0,0,0.2383268641805467,0.15789473684210525,good,0,1,0,1,0,0,0,0,0,1,0,0,0
0.3736263736263737,1,0,0,0.1472673971077155,0.05263157894736842,good,0,1,0,1,0,0,0,0,0,1,0,0,0
0.4395604395604396,1,0,0,0.023059663604055092,0.05263157894736842,good,0,1,0,1,0,0,0,0,0,0,1,0,0
0.5054945054945055,2,3,2,0.020832309733208862,0.21052631578947367,good,1,0,0,0,1,0,0,0,0,0,1,0,0
0.32967032967032966,2,0,1,0.2836600664930641,0.07894736842105263,good,0,1,0,1,0,0,0,0,0,0,1,0,0
0.9670329670329672,2,0,0,0.8629030937290162,0.9999999999999999,bad,0,1,0,1,0,1,0,0,0,0,0,0,0
0.3736263736263737,2,3,1,0.21788761689513422,0.3684210526315789,good,0,1,0,1,0,1,0,0,0,0,0,0,0
0.1758241758241758,2,0,0,0.4939484760641347,0.5263157894736842,good,0,1,0,1,0,0,0,0,0,1,0,0,0
0.24175824175824184,2,1,1,0.735812902274849,0.3684210526315789,good,0,1,0,1,0,0,1,0,0,0,0,0,0
0.8351648351648351,1,0,0,0.13285510735518105,0.21052631578947367,good,0,1,0,0,1,1,0,0,0,0,0,0,0
0.30769230769230776,3,0,2,0.1603694787009286,0.21052631578947367,good,1,0,0,1,0,0,0,0,0,1,0,0,0
0.1318681318681319,1,0,1,0.589069588430862,0.9999999999999999,bad,0,1,0,1,0,0,0,0,0,0,1,0,0
0.26373626373626374,2,0,0,0.7677819813622889,0.9999999999999999,good,0,1,1,0,0,0,0,0,1,0,0,0,0
0.3956043956043957,2,0,2,0.24238850947444276,0.3684210526315789,bad,0,1,0,1,0,0,0,0,0,0,1,0,0
0.3956043956043957,2,0,2,0.12774529553382794,0.15789473684210525,good,0,1,0,1,0,0,0,1,0,0,0,0,0
0.10989010989010989,2,0,1,0.02725232971388329,0.13157894736842105,good,0,1,0,1,0,0,0,0,0,0,1,0,0
0.24175824175824184,3,2,0,0.2729163595866293,0.6842105263157895,good,0,1,0,1,0,0,0,0,0,0,1,0,0
0.1538461538461539,2,2,1,0.11896690086637515,0.21052631578947367,good,0,1,0,1,0,0,0,0,0,0,1,0,0
0.5494505494505495,1,0,1,0.7800979380599092,0.3684210526315789,good,0,1,0,1,0,0,0,0,0,0,0,1,0
0.10989010989010989,2,1,0,0.7778705841890631,0.6842105263157895,good,0,1,0,0,1,0,1,0,0,0,0,0,0
0.8571428571428572,1,0,0,0.7721056682880493,0.9999999999999999,bad,1,0,1,0,0,0,1,0,0,0,0,0,0
0.3516483516483517,3,0,0,0.149756792610426,0.1842105263157895,good,1,0,0,1,0,0,1,0,0,0,0,0,0
0.4395604395604396,2,2,0,0.26846165184493687,0.8421052631578947,good,0,1,0,1,0,0,0,0,0,0,1,0,0
0.08791208791208799,0,2,0,0.1443849391572086,0.05263157894736842,good,1,0,0,0,1,0,1,0,0,0,0,0,0
0.4395604395604396,1,0,0,0.9142632535744116,0.1842105263157895,good,0,1,0,1,0,0,1,0,0,0,0,0,0
0.19780219780219782,2,1,0,0.23885094744427518,0.21052631578947367,good,1,0,0,1,0,0,0,0,0,0,1,0,0
0.21978021978021983,1,0,1,0.2729163595866293,0.5263157894736842,good,0,1,0,1,0,0,0,0,0,1,0,0,0
0.24175824175824184,3,0,1,0.7487839630521299,0.6052631578947368,good,0,1,0,1,0,0,1,0,0,0,0,0,0
0.1318681318681319,2,0,0,0.13259306572331678,0.21052631578947367,good,0,1,0,1,0,0,0,0,0,0,1,0,0
0.26373626373626374,2,0,0,0.4098331122357064,0.3684210526315789,good,0,1,0,1,0,0,1,0,0,0,0,0,0
0.8351648351648351,2,0,1,0.2587661114659592,0.8421052631578947,bad,0,1,1,0,0,0,1,0,0,0,0,0,0
0.1538461538461539,1,0,0,0.06983409489182593,0.05263157894736842,good,0,1,0,1,0,0,1,0,0,0,0,0,0
0.7252747252747254,3,0,1,0.8146874334659919,0.21052631578947367,bad,0,1,0,1,0,0,0,0,0,0,1,0,0
0.26373626373626374,2,0,0,1.0,0.8421052631578947,good,1,0,0,1,0,0,0,0,0,0,1,0,0
0.08791208791208799,3,0,2,0.22417661605987652,0.3684210526315789,good,1,0,0,1,0,0,1,0,0,0,0,0,0
0.08791208791208799,1,0,0,0.7833734584582126,0.8421052631578947,bad,1,0,0,0,1,0,0,0,0,1,0,0,0
0.1758241758241758,2,0,1,0.1494947509785617,0.13157894736842105,good,0,1,0,1,0,1,0,0,0,0,0,0,0
0.6813186813186813,2,0,1,0.16862379010465287,0.2894736842105263,good,0,1,0,1,0,0,0,0,0,0,1,0,0
0.9230769230769231,3,0,1,0.22312844953241948,0.8421052631578947,bad,0,1,1,0,0,1,0,0,0,0,0,0,0
0.1318681318681319,2,0,1,1.0,0.9999999999999999,bad,0,1,0,1,0,1,0,0,0,0,0,0,0
0.1538461538461539,2,0,0,0.3840220114970766,0.5263157894736842,good,1,0,0,1,0,0,0,0,0,0,1,0,0
0.6373626373626373,2,0,0,0.6472428307047282,0.6052631578947368,good,0,1,0,1,0,0,0,0,0,0,0,1,0
0.21978021978021983,2,0,0,0.251690987405624,0.21052631578947367,good,1,0,0,1,0,0,0,0,0,0,1,0,0
0.06593406593406598,2,3,1,0.09918275766062332,0.21052631578947367,good,0,1,0,1,0,0,1,0,0,0,0,0,0
0.3956043956043957,2,0,0,0.20557166019751388,0.8421052631578947,bad,0,1,1,0,0,0,0,0,1,0,0,0,0
0.1318681318681319,2,0,0,0.28090862935848937,0.8421052631578947,good,1,0,0,1,0,0,0,0,0,0,1,0,0
0.24175824175824184,2,0,0,1.0,0.8421052631578947,good,1,0,0,1,0,0,1,0,0,0,0,0,0
0.5934065934065935,1,0,0,0.06288999164742298,0.07894736842105263,good,0,1,0,0,1,0,0,0,0,0,1,0,0
0.7032967032967032,3,0,0,0.11975302576196792,0.10526315789473684,good,0,1,1,0,0,0,0,0,0,0,0,0,1
0.4835164835164835,1,0,1,0.7473427340768765,0.9999999999999999,good,1,0,0,1,0,1,0,0,0,0,0,0,0
0.4615384615384616,3,0,0,0.2262729491147906,0.8421052631578947,bad,0,1,0,1,0,0,0,0,1,0,0,0,0
1.0,3,0,0,0.16718256112939944,0.21052631578947367,good,0,1,1,0,0,0,1,0,0,0,0,0,0
0.32967032967032966,2,0,0,0.48674233118786747,0.9999999999999999,bad,0,1,0,1,0,0,0,0,0,0,1,0,0
0.7032967032967032,2,0,1,0.5923451088291652,0.1842105263157895,good,0,1,0,1,0,0,0,0,0,0,1,0,0
0.4395604395604396,1,0,0,1.0,0.9999999999999999,good,0,1,0,1,0,0,1,0,0,0,0,0,0
0.06593406593406598,2,0,1,0.469316562668894,0.6842105263157895,good,0,1,0,1,0,0,0,0,0,1,0,0,0
0.5494505494505495,2,0,0,0.745901505101623,0.5263157894736842,bad,1,0,0,1,0,0,0,0,0,0,1,0,0
0.6153846153846154,2,2,0,0.12617304574264235,0.2894736842105263,good,0,1,0,1,0,0,0,0,0,0,1,0,0
0.10989010989010989,1,1,0,0.17268543539854894,0.3684210526315789,good,1,0,0,0,1,1,0,0,0,0,0,0,0
0.8571428571428572,1,0,0,0.19718632797785748,0.5263157894736842,good,1,0,0,1,0,0,0,0,0,0,0,0,1
0.7252747252747254,1,0,0,0.27055798489985095,0.15789473684210525,good,0,1,0,1,0,0,0,0,0,0,1,0,0
0.21978021978021983,3,0,0,0.15224618811313648,0.21052631578947367,good,1,0,0,1,0,1,0,0,0,0,0,0,0
0.1758241758241758,2,0,1,0.13691675264907713,0.3684210526315789,good,1,0,0,1,0,0,0,0,0,1,0,0,0
0.6153846153846154,2,1,1,1.0,0.8421052631578947,bad,0,1,1,0,0,0,0,0,1,0,0,0,0
0.24175824175824184,3,1,0,0.26191061104833024,0.3684210526315789,good,0,1,0,1,0,0,1,0,0,0,0,0,0
0.19780219780219782,2,0,0,0.11241586006976859,0.21052631578947367,bad,0,1,0,1,0,0,0,0,0,0,0,1,0
0.8131868131868132,2,0,0,0.04821566026302429,0.21052631578947367,good,0,1,0,1,0,0,0,0,0,0,1,0,0
0.7692307692307692,2,0,0,0.15185312566534007,0.21052631578947367,good,0,1,0,1,0,0,1,0,0,0,0,0,0
0.30769230769230776,1,0,0,0.07166838631487578,0.21052631578947367,bad,1,0,0,1,0,0,0,0,0,0,1,0,0
0.02197802197802201,2,0,2,0.44114708724348584,0.5263157894736842,good,0,1,0,0,1,0,0,0,0,1,0,0,0
0.7692307692307692,2,3,1,0.13993023141551614,0.21052631578947367,good,0,1,0,1,0,0,1,0,0,0,0,0,0
0.8571428571428572,2,0,1,1.0,0.9999999999999999,bad,0,1,0,0,1,1,0,0,0,0,0,0,0
0.9230769230769231,2,0,0,0.23085867767241522,0.21052631578947367,good,1,0,0,1,0,0,0,0,1,0,0,0,0
0.32967032967032966,2,1,1,0.31078137539101525,0.3684210526315789,good,0,1,0,1,0,1,0,0,0,0,0,0,0
0.3736263736263737,2,0,1,0.27344044285035785,0.8421052631578947,good,0,1,0,1,0,0,0,0,0,0,1,0,0
0.3736263736263737,3,0,1,0.8918586940500172,0.42105263157894735,good,0,1,0,0,1,0,1,0,0,0,0,0,0
0.4835164835164835,1,1,0,0.15971437462126795,0.5263157894736842,good,0,1,0,0,1,0,1,0,0,0,0,0,0
0.10989010989010989,2,0,1,0.27160615142730804,0.8421052631578947,good,0,1,0,0,1,0,0,0,0,0,1,0,0
0.10989010989010989,2,0,0,0.0893561964657135,0.05263157894736842,good,1,0,0,1,0,0,0,0,0,0,1,0,0
0.3516483516483517,2,0,1,0.218673741790727,0.13157894736842105,good,0,1,0,0,1,0,0,0,0,1,0,0,0
0.1538461538461539,2,0,0,0.28759069097102796,0.21052631578947367,good,0,1,0,0,1,0,1,0,0,0,0,0,0
0.4395604395604396,3,0,1,1.0,0.5263157894736842,bad,0,1,0,1,0,0,0,0,0,0,0,0,1
0.4395604395604396,3,0,0,0.8133772253066706,0.3684210526315789,bad,0,1,0,1,0,0,1,0,0,0,0,0,0
0.28571428571428575,2,0,1,0.7635893152524608,0.21052631578947367,good,0,1,0,1,0,0,1,0,0,0,0,0,0
0.24175824175824184,2,0,0,0.9788565158289524,0.5263157894736842,good,1,0,0,1,0,0,0,0,0,1,0,0,0
0.3516483516483517,2,2,1,0.1519841464812722,0.2631578947368421,good,0,1,0,1,0,1,0,0,0,0,0,0,0
0.26373626373626374,2,1,1,0.15709395830262532,0.05263157894736842,good,0,1,0,1,0,1,0,0,0,0,0,0,0
0.08791208791208799,2,0,2,0.018604955862362632,0.2894736842105263,good,1,0,0,0,1,0,0,0,1,0,0,0,0
0.19780219780219782,1,0,1,0.7874351037521087,0.3684210526315789,good,0,1,0,0,1,0,1,0,0,0,0,0,0
0.1318681318681319,2,0,0,0.996413305163858,0.8421052631578947,bad,1,0,0,1,0,0,1,0,0,0,0,0,0
0.3516483516483517,2,2,0,0.18735976678294763,0.21052631578947367,good,0,1,0,1,0,0,0,0,0,0,1,0,0
0.6153846153846154,2,0,0,0.43603727542213266,0.9999999999999999,good,0,1,0,1,0,0,0,0,0,0,1,0,0
0.24175824175824184,3,0,0,0.9071881295140766,0.9999999999999999,bad,1,0,0,1,0,0,0,0,0,0,1,0,0
0.1758241758241758,2,0,0,0.24658117558427092,0.15789473684210525,good,1,0,0,0,1,0,0,0,0,1,0,0,0
0.08791208791208799,2,2,0,0.528144909022421,0.763157894736842,bad,1,0,0,1,0,0,0,0,0,1,0,0,0
0.3736263736263737,3,2,1,0.27724004651238965,0.21052631578947367,good,0,1,0,1,0,0,1,0,0,0,0,0,0
0.1318681318681319,2,0,0,0.20766799325242796,0.4473684210526315,bad,1,0,0,1,0,0,0,0,0,0,1,0,0
0.4835164835164835,3,0,0,0.4740333120424508,0.5263157894736842,good,1,0,0,0,1,0,1,0,0,0,0,0,0
0.10989010989010989,1,0,0,0.19888959858497518,0.21052631578947367,good,0,1,0,0,1,0,0,0,0,1,0,0,0
0.9670329670329672,2,0,2,0.06957205325996167,0.15789473684210525,good,0,1,1,0,0,0,1,0,0,0,0,0,0
0.1758241758241758,2,0,1,0.21932884587038767,0.3684210526315789,bad,1,0,0,0,1,0,0,0,0,1,0,0,0
0.24175824175824184,2,0,0,0.24513994660901753,0.21052631578947367,good,0,1,0,1,0,0,1,0,0,0,0,0,0
0.4615384615384616,1,0,0,0.05909038798539118,0.21052631578947367,good,0,1,0,1,0,0,0,0,0,0,1,0,0
0.24175824175824184,2,0,1,0.05096709739759904,0.21052631578947367,bad,0,1,0,1,0,0,0,0,0,0,0,1,0
0.32967032967032966,3,0,1,0.21094351365073125,0.21052631578947367,good,0,1,0,1,0,0,1,0,0,0,0,0,0
0.21978021978021983,2,0,0,0.42568663096349435,0.21052631578947367,bad,1,0,0,1,0,0,1,0,0,0,0,0,0
0.10989010989010989,2,0,1,1.0,0.9999999999999999,good,1,0,0,1,0,0,1,0,0,0,0,0,0
0.21978021978021983,2,0,0,0.8695851553415549,0.8421052631578947,bad,0,1,0,1,0,0,0,0,1,0,0,0,0
0.1758241758241758,1,0,0,0.3220491655611786,0.2894736842105263,good,0,1,0,1,0,0,0,0,0,1,0,0,0
0.6153846153846154,2,0,0,0.22719009482631555,0.3684210526315789,good,0,1,1,0,0,0,0,0,0,1,0,0,0
0.043956043956043966,2,1,0,1.0,0.9999999999999999,good,1,0,0,1,0,0,0,0,0,0,1,0,0
0.4175824175824176,2,0,0,0.1297106077728099,0.21052631578947367,good,1,0,0,1,0,0,0,0,0,0,1,0,0
0.1758241758241758,2,3,0,1.0,0.6052631578947368,good,0,1,0,1,0,0,1,0,0,0,0,0,0
1.0,1,2,1,0.0676067410209797,0.21052631578947367,bad,0,1,0,1,0,0,0,0,0,0,1,0,0
0.3516483516483517,2,0,1,0.3246695818798212,0.2894736842105263,good,0,1,0,1,0,0,0,0,0,0,1,0,0
0.5494505494505495,1,0,2,0.213694950785306,0.21052631578947367,good,1,0,0,0,1,0,0,0,0,0,1,0,0
0.1758241758241758,0,3,2,0.06013855451284823,0.05263157894736842,good,0,1,0,1,0,0,1,0,0,0,0,0,0
0.24175824175824184,3,0,1,0.5954896084115364,0.8421052631578947,good,1,0,0,1,0,0,0,0,0,0,1,0,0
0.1758241758241758,3,0,0,0.4148119032411274,0.6052631578947368,good,0,1,0,1,0,0,0,0,0,0,1,0,0
0.06593406593406598,2,0,0,0.28981804484187423,0.3684210526315789,bad,0,1,0,1,0,0,0,0,0,1,0,0,0
0.08791208791208799,2,0,0,0.2670204228696834,0.4473684210526315,good,1,0,0,1,0,0,0,0,0,1,0,0,0
0.24175824175824184,2,1,1,0.43446502563094713,0.9999999999999999,good,0,1,0,1,0,1,0,0,0,0,0,0,0
0.4395604395604396,2,0,0,0.07992269771860004,0.05263157894736842,good,1,0,0,1,0,0,1,0,0,0,0,0,0
0.7032967032967032,2,1,0,0.05660099248268069,0.21052631578947367,good,1,0,0,1,0,0,1,0,0,0,0,0,0
0.19780219780219782,2,0,0,0.6709575983884439,0.8421052631578947,good,0,1,0,1,0,0,0,0,0,1,0,0,0
0.5934065934065935,2,3,0,0.17451972682159878,0.3684210526315789,good,0,1,0,1,0,0,0,0,0,0,1,0,0
0.5054945054945055,2,1,0,0.1435988142616158,0.05263157894736842,good,0,1,1,0,0,0,0,0,0,0,1,0,0
0.4175824175824176,2,0,0,0.21932884587038767,0.15789473684210525,good,0,1,0,1,0,0,0,0,0,0,1,0,0
0.10989010989010989,2,0,2,0.7334545275880706,0.8421052631578947,good,0,1,0,1,0,0,0,0,0,0,1,0,0
0.21978021978021983,2,3,1,0.9837042860184413,0.5263157894736842,good,1,0,0,0,1,0,1,0,0,0,0,0,0
0.3736263736263737,3,1,1,0.8800668206161254,0.5263157894736842,good,0,1,0,0,1,1,0,0,0,0,0,0,0
0.02197802197802201,2,0,0,0.1352134820419594,0.21052631578947367,bad,1,0,0,0,1,0,0,0,0,1,0,0,0
0.6373626373626373,2,1,0,0.1359996069375522,0.13157894736842105,good,0,1,0,1,0,0,0,0,0,0,0,1,0
0.5714285714285714,1,0,0,0.011660852617959676,0.21052631578947367,good,0,1,0,1,0,0,0,0,1,0,0,0,0
0.4175824175824176,2,1,1,0.4273899015706121,0.5263157894736842,good,0,1,0,1,0,0,1,0,0,0,0,0,0
0.32967032967032966,1,0,0,0.21592230465615225,0.05263157894736842,good,0,1,0,1,0,0,0,0,0,0,1,0,0
0.3736263736263737,2,1,0,0.343536579374048,0.5263157894736842,good,0,1,0,1,0,0,0,0,0,0,1,0,0
0.24175824175824184,2,0,0,0.10547175682536564,0.3684210526315789,good,1,0,0,1,0,0,1,0,0,0,0,0,0
0.3736263736263737,2,2,0,0.13259306572331678,0.2894736842105263,good,0,1,0,1,0,0,0,1,0,0,0,0,0
1.0,3,0,1,0.9247449188489821,0.15789473684210525,good,0,1,1,0,0,0,1,0,0,0,0,0,0
0.3736263736263737,2,2,0,0.08634271769927447,0.8421052631578947,good,0,1,0,1,0,0,1,0,0,0,0,0,0
0.28571428571428575,2,2,0,0.357424785862854,0.05263157894736842,good,0,1,0,1,0,0,0,0,0,1,0,0,0
0.30769230769230776,2,0,0,0.1154293388362076,0.3684210526315789,bad,1,0,0,1,0,0,0,0,0,1,0,0,0
0.02197802197802201,2,3,1,0.17386462274193812,0.1842105263157895,good,1,0,0,1,0,0,0,0,0,1,0,0,0
0.1318681318681319,2,0,0,0.4876594768993924,0.5263157894736842,good,1,0,0,0,1,0,0,0,0,1,0,0,0
0.26373626373626374,2,0,1,0.22077007484564112,0.5263157894736842,bad,0,1,0,1,0,1,0,0,0,0,0,0,0
0.30769230769230776,2,0,0,0.09171457115249185,0.2894736842105263,bad,0,1,0,0,1,0,1,0,0,0,0,0,0
0.1538461538461539,2,0,0,0.06721367857318332,0.21052631578947367,good,1,0,0,1,0,0,0,0,0,1,0,0,0
0.32967032967032966,3,0,1,0.237671760100886,0.5263157894736842,bad,1,0,0,1,0,0,0,0,0,1,0,0,0
0.30769230769230776,2,0,1,0.15250822974500072,0.10526315789473684,good,0,1,0,1,0,0,0,0,0,0,1,0,0
0.1538461538461539,2,0,0,0.4145498616092632,0.4473684210526315,bad,0,1,0,1,0,0,0,0,1,0,0,0,0
0.7472527472527473,3,0,0,0.9479356032689694,0.6842105263157895,bad,1,0,0,1,0,0,1,0,0,0,0,0,0
0.5054945054945055,2,0,0,0.30488543867406936,0.21052631578947367,good,0,1,0,1,0,0,0,0,0,1,0,0,0
0.7252747252747254,2,2,0,0.011529831802027546,0.05263157894736842,good,0,1,0,1,0,0,0,0,0,0,1,0,0
0.26373626373626374,3,0,0,0.2244386576917408,0.21052631578947367,good,0,1,0,0,1,0,0,0,0,0,1,0,0
1.0,2,0,0,0.04205768191421412,0.4473684210526315,good,0,1,0,1,0,0,1,0,0,0,0,0,0
0.19780219780219782,2,0,0,1.0,0.8421052631578947,bad,0,1,0,1,0,1,0,0,0,0,0,0,0
0.24175824175824184,3,0,1,0.5509425309946118,0.8421052631578947,bad,0,1,0,1,0,1,0,0,0,0,0,0,0
0.4615384615384616,1,0,0,0.1830360798571873,0.4473684210526315,bad,0,1,0,1,0,0,1,0,0,0,0,0,0
0.6813186813186813,2,3,0,0.46211041779262685,0.5263157894736842,good,0,1,0,1,0,0,0,0,0,1,0,0,0
0.3736263736263737,2,0,1,0.08306719730097119,0.3684210526315789,bad,0,1,0,1,0,0,1,0,0,0,0,0,0
0.26373626373626374,2,0,0,0.14543310568466564,0.2894736842105263,good,0,1,0,1,0,0,0,0,0,0,1,0,0
1.0,3,0,1,0.6392505609328683,0.13157894736842105,bad,1,0,1,0,0,0,1,0,0,0,0,0,0
1.0,0,0,1,0.12119425473722137,0.3157894736842105,good,0,1,1,0,0,0,1,0,0,0,0,0,0
0.02197802197802201,2,1,0,0.055552825955223636,0.21052631578947367,bad,0,1,0,1,0,0,0,0,0,0,1,0,0
0.30769230769230776,2,0,1,0.39227632290080083,0.3684210526315789,good,1,0,0,1,0,0,0,0,0,1,0,0,0
0.7692307692307692,3,3,0,0.5687613619613816,0.5263157894736842,bad,0,1,0,1,0,1,0,0,0,0,0,0,0
0.32967032967032966,1,1,1,0.47088881246007963,0.9999999999999999,bad,0,1,1,0,0,1,0,0,0,0,0,0,0
0.3736263736263737,2,0,1,0.48019129039126096,0.6052631578947368,bad,0,1,0,1,0,1,0,0,0,0,0,0,0
0.21978021978021983,2,0,0,0.2434366760018998,0.05263157894736842,good,0,1,0,0,1,0,0,0,0,0,1,0,0
0.043956043956043966,2,1,1,0.36436888910725695,0.9999999999999999,bad,0,1,0,0,1,0,0,0,0,0,1,0,0
0.32967032967032966,3,0,1,0.16390704073109616,0.13157894736842105,bad,1,0,0,1,0,0,0,0,1,0,0,0,0
0.19780219780219782,2,0,0,0.14831556363517254,0.05263157894736842,good,1,0,0,1,0,0,0,0,0,0,1,0,0
0.1758241758241758,2,1,1,0.09184559196842398,0.21052631578947367,bad,1,0,0,0,1,0,0,0,0,1,0,0,0
0.3736263736263737,2,0,1,0.32886224798964936,0.5263157894736842,good,0,1,1,0,0,0,1,0,0,0,0,0,0
0.4615384615384616,3,0,1,0.530241242077335,0.3684210526315789,bad,0,1,0,1,0,0,0,0,0,1,0,0,0
0.7252747252747254,2,2,0,0.08988027972944201,0.13157894736842105,good,0,1,0,1,0,0,0,0,1,0,0,0,0
0.1758241758241758,1,0,0,0.12027710902569647,0.21052631578947367,good,0,1,0,1,0,0,1,0,0,0,0,0,0
0.1538461538461539,2,0,0,0.6376783111416826,0.6052631578947368,good,0,1,0,1,0,1,0,0,0,0,0,0,0
0.043956043956043966,2,0,0,0.08542557198774955,0.21052631578947367,bad,0,1,0,0,1,0,0,0,1,0,0,0,0
0.4175824175824176,1,0,0,0.16312091583550337,0.21052631578947367,good,0,1,0,1,0,0,1,0,0,0,0,0,0
0.4175824175824176,3,0,0,1.0,0.6842105263157895,good,0,1,1,0,0,0,1,0,0,0,0,0,0
0.5274725274725276,2,0,0,0.22077007484564112,0.21052631578947367,good,0,1,0,1,0,0,0,0,0,1,0,0,0
0.1538461538461539,2,0,1,0.15381843790432204,0.21052631578947367,good,0,1,0,1,0,0,0,1,0,0,0,0,0
0.043956043956043966,1,0,0,0.8277895150592051,0.5263157894736842,good,0,1,0,1,0,1,0,0,0,0,0,0,0
0.7912087912087913,2,3,0,0.1523772089290686,0.21052631578947367,good,0,1,0,1,0,0,1,0,0,0,0,0,0
0.30769230769230776,2,0,0,0.37000278419233856,0.13157894736842105,good,0,1,0,1,0,0,0,0,0,0,1,0,0
0.5714285714285714,1,0,0,0.46970962511669045,0.8421052631578947,good,1,0,0,1,0,0,0,0,0,0,1,0,0
0.6813186813186813,2,0,0,0.6607379747457377,0.6052631578947368,bad,0,1,0,1,0,1,0,0,0,0,0,0,0
1.0,3,0,2,0.21723251281547357,0.6842105263157895,bad,0,1,0,1,0,1,0,0,0,0,0,0,0
0.7032967032967032,2,0,0,0.4051163628621497,0.8421052631578947,good,0,1,0,1,0,0,0,0,0,0,1,0,0
0.4395604395604396,1,0,1,0.0893561964657135,0.05263157894736842,good,1,0,0,1,0,0,0,0,1,0,0,0,0
0.26373626373626374,2,0,0,0.37393340867030245,0.3684210526315789,good,0,1,0,1,0,1,0,0,0,0,0,0,0
0.08791208791208799,2,0,2,0.4799292487593967,0.8421052631578947,good,0,1,0,1,0,0,0,0,0,0,1,0,0
0.10989010989010989,1,0,0,0.3630586809479356,0.5263157894736842,good,0,1,0,0,1,0,0,0,0,1,0,0,0
0.989010989010989,2,0,0,0.14595718894839418,0.15789473684210525,good,1,0,0,1,0,0,1,0,0,0,0,0,0
0.1538461538461539,1,0,1,0.04913280597454921,0.21052631578947367,good,0,1,0,1,0,0,0,0,0,0,1,0,0
0.08791208791208799,2,0,0,0.12446977513552465,0.21052631578947367,good,1,0,0,0,1,0,0,0,1,0,0,0,0
0.24175824175824184,2,0,0,0.05987651288098396,0.21052631578947367,good,0,1,0,1,0,0,0,0,0,0,1,0,0
0.28571428571428575,2,0,0,0.357424785862854,0.5263157894736842,good,0,1,0,1,0,1,0,0,0,0,0,0,0
0.24175824175824184,2,0,0,0.5774087358129023,0.2894736842105263,good,0,1,0,1,0,0,1,0,0,0,0,0,0
0.1758241758241758,2,0,0,0.30960218804762607,0.8421052631578947,good,0,1,0,1,0,0,0,0,0,0,0,1,0
0.1758241758241758,2,3,1,1.0,0.9999999999999999,bad,0,1,0,1,0,0,0,0,0,0,1,0,0
0.7472527472527473,3,0,0,0.9977235133231792,0.21052631578947367,bad,0,1,1,0,0,0,0,0,0,1,0,0,0
0.06593406593406598,2,0,0,0.16089356196465712,0.13157894736842105,bad,0,1,0,1,0,0,0,0,0,0,1,0,0
0.06593406593406598,2,0,0,0.37982934538724844,0.5263157894736842,good,0,1,1,0,0,0,0,0,0,1,0,0,0
0.1538461538461539,2,0,2,0.5188424310912396,0.8421052631578947,bad,0,1,0,1,0,0,0,0,0,0,1,0,0
0.7032967032967032,1,2,0,0.2957139815588201,0.13157894736842105,good,0,1,1,0,0,0,1,0,0,0,0,0,0
0.3516483516483517,2,1,0,0.24776036292766015,0.21052631578947367,good,0,1,0,1,0,0,0,0,0,0,1,0,0
0.1318681318681319,1,0,1,0.08070882261419282,0.3684210526315789,good,0,1,0,1,0,0,0,0,0,0,1,0,0
0.5054945054945055,1,0,0,0.1695409358161778,0.0,good,0,1,0,1,0,0,0,0,0,0,1,0,0
0.24175824175824184,3,0,0,0.2060957434612424,0.5263157894736842,bad,0,1,0,1,0,0,0,0,0,0,1,0,0
0.08791208791208799,0,0,1,1.0,0.05263157894736842,bad,0,1,0,1,0,0,1,0,0,0,0,0,0
0.9230769230769231,1,1,1,0.32977939370117426,0.4473684210526315,bad,0,1,0,0,1,1,0,0,0,0,0,0,0
0.3516483516483517,2,0,0,0.1363926693853486,0.21052631578947367,good,1,0,0,1,0,0,0,0,0,0,1,0,0
0.4395604395604396,2,0,0,0.2976792937978021,0.6842105263157895,good,0,1,0,1,0,0,0,0,0,0,1,0,0
0.21978021978021983,2,0,0,0.08712884259486725,0.5263157894736842,bad,1,0,0,1,0,0,1,0,0,0,0,0,0
0.7032967032967032,2,0,0,0.17622299742871647,0.05263157894736842,good,0,1,0,1,0,0,0,0,0,0,1,0,0
0.10989010989010989,2,0,0,0.5705956533844315,0.9999999999999999,bad,0,1,1,0,0,0,1,0,0,0,0,0,0
0.1758241758241758,2,0,0,0.12250446289654268,0.21052631578947367,good,1,0,0,1,0,1,0,0,0,0,0,0,0
0.3516483516483517,1,2,0,0.41887354853502345,0.21052631578947367,good,1,0,0,1,0,0,0,0,1,0,0,0,0
0.1318681318681319,2,0,0,0.13206898245958826,0.5263157894736842,good,0,1,0,1,0,1,0,0,0,0,0,0,0
0.7252747252747254,2,0,0,0.06118672104030527,0.21052631578947367,good,0,1,0,1,0,0,0,0,0,0,1,0,0
0.3516483516483517,2,1,0,0.12499385839925317,0.05263157894736842,good,0,1,0,0,1,0,1,0,0,0,0,0,0
0.1538461538461539,2,0,2,0.2194598666863198,0.5263157894736842,good,0,1,0,1,0,0,0,0,0,1,0,0,0
0.06593406593406598,2,0,0,0.02397680931558001,0.3684210526315789,bad,1,0,0,0,1,0,0,0,0,0,1,0,0
0.4395604395604396,1,3,0,0.05450465942776658,0.05263157894736842,good,1,0,0,1,0,0,1,0,0,0,0,0,0
0.5934065934065935,1,0,2,0.2621726526801945,0.21052631578947367,good,1,0,0,1,0,0,0,0,0,1,0,0,0
0.10989010989010989,2,0,1,0.24893955027104933,0.6842105263157895,bad,1,0,0,1,0,0,1,0,0,0,0,0,0
0.3516483516483517,2,1,0,0.5111122029512439,0.5263157894736842,good,0,1,0,1,0,0,0,0,0,1,0,0,0
0.10989010989010989,2,0,1,0.23321705235919357,0.13157894736842105,good,0,1,0,1,0,0,0,0,0,1,0,0,0
0.1758241758241758,1,0,1,0.9391572086015165,0.9999999999999999,good,0,1,0,1,0,0,0,0,0,0,1,0,0
0.3516483516483517,1,0,0,0.3189046659788074,0.5263157894736842,good,0,1,0,1,0,0,0,0,0,0,1,0,0
0.21978021978021983,2,0,0,0.2488085294551172,0.21052631578947367,bad,0,1,1,0,0,0,0,0,0,0,1,0,0
0.08791208791208799,2,1,0,0.46669614635025136,0.2894736842105263,good,1,0,0,1,0,0,1,0,0,0,0,0,0
0.8351648351648351,1,1,0,0.1184428176026466,0.1842105263157895,good,1,0,0,1,0,0,0,0,0,0,1,0,0
0.1758241758241758,2,0,0,0.18434628801650862,0.21052631578947367,good,0,1,0,1,0,0,0,0,0,1,0,0,0
0.7912087912087913,2,0,0,0.17727116395617354,0.5263157894736842,good,1,0,0,1,0,0,0,0,0,0,1,0,0
0.3736263736263737,3,0,0,0.6619171620891269,0.3684210526315789,good,0,1,1,0,0,0,1,0,0,0,0,0,0
0.8351648351648351,1,0,0,0.3272899981984638,0.21052631578947367,good,1,0,1,0,0,0,0,0,1,0,0,0,0
0.28571428571428575,1,0,0,0.12853142042942073,0.15789473684210525,good,0,1,0,1,0,0,1,0,0,0,0,0,0
0.3956043956043957,2,0,1,0.07232349039453644,0.2894736842105263,bad,0,1,0,1,0,0,0,0,0,0,1,0,0
0.3736263736263737,2,0,0,0.7932000196531224,0.8421052631578947,good,0,1,0,1,0,1,0,0,0,0,0,0,0
0.4175824175824176,2,0,0,0.16809970684092435,0.5263157894736842,good,1,0,0,1,0,0,0,0,0,0,1,0,0
0.5714285714285714,3,0,0,1.0,0.2631578947368421,bad,0,1,0,1,0,0,1,0,0,0,0,0,0
0.1318681318681319,2,0,0,0.09813459113316628,0.5263157894736842,good,0,1,0,1,0,0,0,0,0,0,1,0,0
0.28571428571428575,2,0,0,0.3160222080283005,0.3684210526315789,good,0,1,0,1,0,0,1,0,0,0,0,0,0
0.3956043956043957,2,2,0,0.15093597995381516,0.21052631578947367,good,1,0,0,0,1,0,0,0,0,1,0,0,0
0.3736263736263737,3,0,1,1.0,0.9999999999999999,good,0,1,1,0,0,0,1,0,0,0,0,0,0
0.19780219780219782,2,0,1,0.36816849276928876,0.9999999999999999,bad,0,1,0,1,0,0,0,0,0,0,1,0,0
0.32967032967032966,1,0,0,1.0,0.6842105263157895,bad,0,1,0,1,0,0,0,0,0,0,0,1,0
0.28571428571428575,2,0,0,0.3206079365859251,0.13157894736842105,good,0,1,0,1,0,0,0,0,0,0,1,0,0
0.1538461538461539,2,0,0,0.28221883751781063,0.3684210526315789,good,1,0,0,1,0,0,0,0,0,0,1,0,0
0.6593406593406594,1,0,0,0.13259306572331678,0.21052631578947367,good,0,1,0,1,0,0,0,0,0,1,0,0,0
0.28571428571428575,2,0,0,0.5713817782800242,0.05263157894736842,bad,1,0,0,1,0,0,0,0,0,1,0,0,0
0.21978021978021983,3,1,0,0.21631536710394864,0.5263157894736842,good,0,1,0,0,1,0,0,0,0,0,1,0,0
0.08791208791208799,2,3,0,0.40852290407638514,0.2894736842105263,good,0,1,0,0,1,0,1,0,0,0,0,0,0
0.6813186813186813,2,0,0,0.17347156029414174,0.21052631578947367,good,0,1,0,1,0,0,0,0,0,1,0,0,0
0.6593406593406594,1,0,2,0.1565698750388968,0.3684210526315789,good,0,1,0,1,0,0,0,0,0,0,1,0,0
0.9670329670329672,2,0,0,0.16639643623380665,0.2894736842105263,good,0,1,0,1,0,0,0,0,0,1,0,0,0
0.3956043956043957,2,1,1,0.47534352020177206,0.5263157894736842,good,0,1,0,1,0,0,1,0,0,0,0,0,0
0.3516483516483517,1,0,0,1.0,0.9999999999999999,good,1,0,0,1,0,0,1,0,0,0,0,0,0
0.1538461538461539,2,0,0,0.5945724627000115,0.9999999999999999,good,0,1,0,1,0,0,1,0,0,0,0,0,0
0.26373626373626374,3,1,1,0.9606446224143861,0.9999999999999999,good,0,1,1,0,0,0,0,0,0,0,0,0,1
0.6593406593406594,2,0,1,0.11031952701485448,0.21052631578947367,good,1,0,0,1,0,0,0,0,0,0,1,0,0
0.6373626373626373,2,0,0,0.10141011153146956,0.5263157894736842,bad,0,1,0,1,0,0,0,0,0,0,1,0,0
0.1538461538461539,2,0,0,0.10822319395994037,0.21052631578947367,good,0,1,0,1,0,1,0,0,0,0,0,0,0
0.19780219780219782,3,0,1,1.0,0.8421052631578947,bad,0,1,0,0,1,0,1,0,0,0,0,0,0
0.5494505494505495,3,0,0,0.8082674134853175,0.5263157894736842,good,1,0,1,0,0,0,1,0,0,0,0,0,0
0.8131868131868132,2,0,2,0.5956206292274685,0.9999999999999999,good,0,1,1,0,0,0,1,0,0,0,0,0,0
0.5934065934065935,3,0,0,0.9668026007631962,0.9999999999999999,good,0,1,0,1,0,1,0,0,0,0,0,0,0
0.1538461538461539,2,0,1,1.0,0.9999999999999999,bad,1,0,0,1,0,0,0,0,0,1,0,0,0
0.02197802197802201,2,0,0,0.5797671104996807,0.21052631578947367,good,1,0,0,0,1,0,1,0,0,0,0,0,0
0.5714285714285714,1,0,0,0.13586858612162006,0.15789473684210525,good,0,1,0,1,0,0,1,0,0,0,0,0,0
0.5274725274725276,2,0,0,0.2967621480862772,0.3684210526315789,good,0,1,0,1,0,0,0,0,0,1,0,0,0
0.28571428571428575,2,3,1,0.32689693575066736,0.4473684210526315,good,0,1,0,1,0,0,0,0,0,1,0,0,0
0.7692307692307692,0,0,0,0.05529078432335938,0.05263157894736842,good,1,0,0,1,0,0,1,0,0,0,0,0,0
0.5054945054945055,2,0,1,0.4656479798227944,0.8421052631578947,bad,1,0,0,1,0,0,0,0,0,0,1,0,0
0.3956043956043957,1,0,2,0.14333677262975156,0.5263157894736842,bad,0,1,0,1,0,0,1,0,0,0,0,0,0
0.6593406593406594,2,0,0,0.1032444029545194,0.15789473684210525,good,0,1,0,1,0,0,1,0,0,0,0,0,0
0.5494505494505495,2,2,0,1.0,0.9999999999999999,bad,0,1,1,0,0,0,1,0,0,0,0,0,0
0.30769230769230776,2,3,0,0.16940991500024566,0.05263157894736842,good,0,1,0,1,0,0,0,0,0,1,0,0,0
0.10989010989010989,1,0,0,0.5975859414664505,0.6842105263157895,good,1,0,0,0,1,0,1,0,0,0,0,0,0
0.30769230769230776,1,1,0,0.062496929199626586,0.21052631578947367,bad,0,1,0,1,0,0,0,0,0,0,1,0,0
0.10989010989010989,2,0,1,0.12931754532501352,0.10526315789473684,bad,1,0,0,1,0,0,0,0,0,1,0,0,0
0.06593406593406598,1,0,1,0.003406541214235413,0.13157894736842105,good,0,1,0,0,1,0,1,0,0,0,0,0,0
0.4615384615384616,0,0,1,0.6722678065477653,0.9999999999999999,good,0,1,1,0,0,0,0,0,0,0,0,0,1
0.1318681318681319,2,1,0,0.6893005126189423,0.5263157894736842,good,0,1,0,1,0,0,0,0,0,1,0,0,0
0.1538461538461539,2,0,2,0.4584418349465271,0.5263157894736842,good,1,0,0,1,0,0,0,0,0,1,0,0,0
0.1318681318681319,1,0,1,0.05699405493047707,0.21052631578947367,bad,0,1,0,1,0,0,1,0,0,0,0,0,0
0.21978021978021983,1,0,2,0.16298989501957123,0.0,good,0,1,0,1,0,0,1,0,0,0,0,0,0
0.26373626373626374,2,0,0,0.32702795656659955,0.8421052631578947,bad,0,1,0,1,0,0,0,0,0,1,0,0,0
0.4175824175824176,1,0,0,0.060007533696916096,0.21052631578947367,good,0,1,0,1,0,0,0,0,0,1,0,0,0
0.6373626373626373,1,0,1,0.5373163661376701,0.5263157894736842,good,1,0,0,1,0,0,0,0,0,1,0,0,0
0.28571428571428575,2,0,0,0.05909038798539118,0.21052631578947367,good,0,1,0,1,0,0,0,0,1,0,0,0,0
0.1758241758241758,1,0,0,0.4445536284577212,0.2894736842105263,good,1,0,0,1,0,0,0,0,0,1,0,0,0
0.19780219780219782,3,0,1,0.5239522429125928,0.6842105263157895,bad,0,1,0,1,0,0,1,0,0,0,0,0,0
0.28571428571428575,2,0,0,0.22116313729343748,0.5263157894736842,bad,0,1,0,1,0,0,0,0,0,0,1,0,0
0.32967032967032966,3,0,0,0.348515370379469,0.5263157894736842,good,0,1,1,0,0,0,1,0,0,0,0,0,0
0.19780219780219782,2,3,0,0.31562914558050414,0.3684210526315789,good,0,1,0,1,0,0,0,0,0,1,0,0,0
0.3736263736263737,2,0,0,0.10193419479519808,0.3684210526315789,good,1,0,0,1,0,0,1,0,0,0,0,0,0
0.4395604395604396,1,0,0,0.412453528554349,0.10526315789473684,good,0,1,0,1,0,0,1,0,0,0,0,0,0
0.6593406593406594,2,0,0,0.7272965492392605,0.21052631578947367,good,0,1,0,0,1,0,0,0,0,1,0,0,0
0.32967032967032966,2,3,0,0.1670515403134673,0.5263157894736842,good,1,0,0,1,0,0,1,0,0,0,0,0,0
0.26373626373626374,2,0,2,0.5533009056813901,0.8421052631578947,good,0,1,0,1,0,0,0,0,0,0,1,0,0
0.19780219780219782,2,0,1,0.10717502743248333,0.05263157894736842,good,0,1,0,1,0,0,0,0,0,0,1,0,0
1.0,3,0,0,0.8339474934080152,0.5263157894736842,good,0,1,1,0,0,0,1,0,0,0,0,0,0
0.24175824175824184,2,1,0,0.2114675969144598,0.3684210526315789,bad,1,0,0,1,0,0,0,0,1,0,0,0,0
0.10989010989010989,3,1,1,0.9378470004421953,0.9999999999999999,bad,1,0,0,1,0,0,1,0,0,0,0,0,0
0.10989010989010989,1,1,0,1.0,0.9999999999999999,bad,1,0,0,0,1,0,1,0,0,0,0,0,0
0.08791208791208799,2,0,0,0.5057403494980265,0.5263157894736842,bad,0,1,0,0,1,0,0,0,0,1,0,0,0
0.5494505494505495,3,0,0,0.4106192371312992,0.05263157894736842,bad,0,1,0,0,1,0,0,0,0,1,0,0,0
0.08791208791208799,1,0,1,0.2425195302903749,0.23684210526315785,good,1,0,0,1,0,0,0,0,0,0,1,0,0
0.10989010989010989,2,0,0,0.1342963363304345,0.2894736842105263,bad,1,0,0,0,1,0,0,1,0,0,0,0,0
0.19780219780219782,2,0,0,0.5134705776380223,0.5263157894736842,good,0,1,0,1,0,0,0,0,0,1,0,0,0
0.26373626373626374,1,0,1,0.1665274570497388,0.15789473684210525,good,0,1,0,1,0,0,0,0,0,1,0,0,0
0.10989010989010989,2,0,1,0.7196973419151967,0.5263157894736842,good,1,0,1,0,0,0,0,0,1,0,0,0,0
0.1538461538461539,1,0,0,0.4387887125567075,0.4473684210526315,good,1,0,0,0,1,0,0,0,0,1,0,0,0
0.1318681318681319,2,2,1,0.38821467760690476,0.3684210526315789,good,0,1,0,0,1,0,0,0,0,0,1,0,0
0.30769230769230776,3,0,1,0.5488461979396977,0.3684210526315789,good,0,1,0,1,0,1,0,0,0,0,0,0,0
0.3956043956043957,1,0,2,0.4846459981329534,0.15789473684210525,good,0,1,0,1,0,0,1,0,0,0,0,0,0
0.5274725274725276,1,0,0,0.15840416646194663,0.2894736842105263,good,1,0,0,1,0,0,0,0,0,0,1,0,0
0.08791208791208799,2,0,1,0.08280515566910693,0.23684210526315785,good,0,1,0,1,0,0,0,0,0,0,1,0,0
0.08791208791208799,0,2,1,0.4596210222899163,0.5263157894736842,good,1,0,0,0,1,0,0,0,0,0,1,0,0
0.32967032967032966,1,1,0,0.1956140781866719,0.05263157894736842,good,0,1,0,1,0,1,0,0,0,0,0,0,0
0.28571428571428575,2,3,1,0.11608444291586825,0.13157894736842105,bad,0,1,1,0,0,0,0,0,1,0,0,0,0
0.08791208791208799,2,0,0,0.12918652450908139,0.13157894736842105,good,1,0,0,0,1,0,0,1,0,0,0,0,0
0.21978021978021983,2,0,1,0.09289375849588102,0.13157894736842105,bad,1,0,0,1,0,0,0,0,0,1,0,0,0
0.4175824175824176,3,0,0,0.39031101066181884,0.3684210526315789,good,0,1,0,1,0,0,1,0,0,0,0,0,0
0.19780219780219782,2,0,0,0.7794428339802486,0.21052631578947367,bad,0,1,0,0,1,0,0,0,0,0,1,0,0
0.5934065934065935,2,2,0,0.062496929199626586,0.15789473684210525,good,0,1,1,0,0,0,0,0,1,0,0,0,0
0.08791208791208799,1,0,1,0.1304967326684027,0.5263157894736842,bad,0,1,0,1,0,0,1,0,0,0,0,0,0
0.6593406593406594,2,0,0,0.272654317954765,0.21052631578947367,good,0,1,0,1,0,0,0,0,0,0,1,0,0
0.1538461538461539,3,0,0,0.5519906975220689,0.8421052631578947,bad,0,1,0,1,0,0,0,0,0,0,1,0,0
0.19780219780219782,2,0,0,0.06891694918030102,0.21052631578947367,good,0,1,0,1,0,0,0,0,0,0,1,0,0
0.08791208791208799,2,0,0,0.2824808791496749,0.6842105263157895,bad,1,0,0,0,1,0,0,0,0,1,0,0,0
0.9230769230769231,2,0,1,0.12957958695687777,0.3684210526315789,good,0,1,1,0,0,0,0,0,1,0,0,0,0
0.3956043956043957,3,0,2,0.4125845493702812,0.21052631578947367,good,0,1,0,1,0,0,0,0,0,0,1,0,0
0.3736263736263737,2,0,2,0.2616485694164661,0.21052631578947367,good,1,0,0,1,0,0,1,0,0,0,0,0,0
0.043956043956043966,2,0,0,0.19862755695311093,0.05263157894736842,good,0,1,0,0,1,0,0,0,0,1,0,0,0
0.1318681318681319,0,0,0,0.2912592738171277,0.3684210526315789,bad,0,1,0,1,0,0,0,0,0,1,0,0,0
0.3736263736263737,2,0,0,0.16927889418431352,0.21052631578947367,good,0,1,0,1,0,1,0,0,0,0,0,0,0
0.1758241758241758,2,0,0,0.47167493735567245,0.3684210526315789,good,0,1,0,1,0,0,1,0,0,0,0,0,0
0.06593406593406598,2,0,0,0.4454707741692462,0.3684210526315789,good,1,0,0,0,1,0,0,0,0,1,0,0,0
0.5054945054945055,2,0,0,0.4187425277190914,0.8421052631578947,bad,0,1,0,1,0,0,0,0,0,1,0,0,0
0.4615384615384616,2,0,1,0.36043826462929296,0.3684210526315789,good,1,0,0,0,1,0,0,0,0,1,0,0,0
0.3736263736263737,2,0,0,0.3706578882719992,0.8421052631578947,good,0,1,0,1,0,0,1,0,0,0,0,0,0
0.30769230769230776,2,0,0,0.7625411487250037,0.3684210526315789,good,0,1,0,1,0,0,0,0,0,0,1,0,0
0.08791208791208799,2,0,0,0.24841546700732078,0.15789473684210525,good,1,0,0,0,1,0,0,0,0,1,0,0,0
0.9670329670329672,3,0,0,1.0,0.9999999999999999,good,0,1,1,0,0,0,1,0,0,0,0,0,0
0.9010989010989012,3,1,1,1.0,0.9999999999999999,bad,1,0,1,0,0,0,0,0,0,0,0,0,1
0.3956043956043957,2,0,0,0.9741397664553957,0.9999999999999999,bad,1,0,0,0,1,1,0,0,0,0,0,0,0
0.32967032967032966,2,0,0,0.2712130889795116,0.3684210526315789,good,0,1,0,1,0,0,0,0,0,0,1,0,0
0.3736263736263737,2,0,0,0.07808840629555021,0.07894736842105263,good,0,1,1,0,0,0,0,0,0,0,1,0,0
0.8351648351648351,3,0,1,1.0,0.8421052631578947,bad,0,1,1,0,0,0,1,0,0,0,0,0,0
0.7252747252747254,1,1,0,0.014674331384398692,0.05263157894736842,good,1,0,0,1,0,0,1,0,0,0,0,0,0
0.4395604395604396,2,0,0,0.25706284085884146,0.42105263157894735,good,0,1,0,1,0,0,0,0,0,1,0,0,0
0.4175824175824176,3,0,1,1.0,0.3684210526315789,bad,1,0,1,0,0,0,1,0,0,0,0,0,0
0.1318681318681319,2,0,0,0.13534450285789154,0.4736842105263158,good,1,0,0,0,1,0,1,0,0,0,0,0,0
0.1538461538461539,2,0,2,0.14150248120670172,0.21052631578947367,good,0,1,0,1,0,0,1,0,0,0,0,0,0
0.1538461538461539,1,1,0,0.5269657216790318,0.6842105263157895,good,0,1,0,1,0,1,0,0,0,0,0,0,0
0.1318681318681319,2,0,0,0.2604693820730769,0.3684210526315789,good,1,0,0,1,0,0,0,0,0,0,1,0,0
0.043956043956043966,2,0,0,0.11477423475654694,0.3684210526315789,good,1,0,0,0,1,0,0,0,0,0,1,0,0
0.4615384615384616,3,0,1,0.9333922927005028,0.3684210526315789,good,0,1,0,1,0,0,0,0,0,1,0,0,0
0.1758241758241758,2,2,1,0.2719992138751044,0.2894736842105263,good,0,1,0,1,0,1,0,0,0,0,0,0,0
0.1758241758241758,2,0,0,0.15709395830262532,0.13157894736842105,good,1,0,0,1,0,1,0,0,0,0,0,0,0
0.24175824175824184,3,0,0,0.20570268101344602,0.3684210526315789,good,0,1,0,1,0,0,1,0,0,0,0,0,0
0.0,1,3,1,0.09603825807825217,0.21052631578947367,good,1,0,0,0,1,0,0,0,0,1,0,0,0
0.4395604395604396,3,0,0,0.39293142698046146,0.8421052631578947,good,0,1,1,0,0,0,1,0,0,0,0,0,0
0.26373626373626374,2,0,0,0.22365253279614797,0.05263157894736842,good,1,0,0,1,0,0,0,0,0,0,1,0,0
0.26373626373626374,3,0,0,0.2824808791496749,0.13157894736842105,good,0,1,0,1,0,0,0,0,0,1,0,0,0
0.28571428571428575,2,1,1,1.0,0.9210526315789472,good,0,1,0,0,1,0,0,0,1,0,0,0,0
0.7912087912087913,3,0,0,0.30501645949000145,0.21052631578947367,good,1,0,1,0,0,0,0,0,0,1,0,0,0
0.5934065934065935,2,0,0,0.2748816718256113,0.8421052631578947,good,0,1,0,1,0,0,0,0,0,1,0,0,0
0.5934065934065935,2,0,1,0.12748325390196366,0.21052631578947367,bad,0,1,0,0,1,0,1,0,0,0,0,0,0
0.5274725274725276,1,3,0,0.16587235297007813,0.5263157894736842,good,1,0,0,1,0,0,0,0,0,0,1,0,0
0.4395604395604396,2,0,0,0.16023845788499647,0.3684210526315789,good,0,1,0,1,0,0,0,0,0,0,1,0,0
0.19780219780219782,2,0,1,0.2144810756808988,0.3684210526315789,good,0,1,0,1,0,1,0,0,0,0,0,0,0
0.1758241758241758,2,0,0,1.0,0.5263157894736842,bad,0,1,0,1,0,1,0,0,0,0,0,0,0
0.1758241758241758,1,0,0,0.07232349039453644,0.2631578947368421,good,0,1,0,1,0,0,1,0,0,0,0,0,0
0.5274725274725276,2,0,1,0.34707414140421555,0.3684210526315789,good,0,1,0,1,0,0,1,0,0,0,0,0,0
0.06593406593406598,2,0,1,0.23439623970258275,0.5263157894736842,bad,0,1,0,1,0,0,0,0,0,0,1,0,0
0.5274725274725276,2,0,0,0.25509752861985946,0.5263157894736842,good,0,1,0,1,0,0,1,0,0,0,0,0,0
0.1758241758241758,2,0,0,0.10520971519350136,0.2894736842105263,good,0,1,0,1,0,0,0,0,0,0,1,0,0
0.1538461538461539,3,2,0,0.39109713555741166,0.5263157894736842,good,0,1,0,1,0,0,0,0,0,0,1,0,0
0.19780219780219782,2,2,2,0.09027334217723841,0.21052631578947367,bad,0,1,0,1,0,0,1,0,0,0,0,0,0
0.02197802197802201,2,0,1,0.22496274095546928,0.5263157894736842,good,1,0,0,1,0,0,0,0,0,0,1,0,0
0.3516483516483517,3,0,0,0.9175387739727149,0.763157894736842,good,0,1,0,1,0,0,1,0,0,0,0,0,0
0.5054945054945055,3,0,0,0.26754450613341196,0.21052631578947367,bad,0,1,0,1,0,1,0,0,0,0,0,0,0
0.4615384615384616,1,2,0,0.17648503906058075,0.15789473684210525,good,0,1,0,0,1,0,1,0,0,0,0,0,0
0.3516483516483517,2,0,0,0.1481845428192404,0.5263157894736842,bad,1,0,0,1,0,0,1,0,0,0,0,0,0
0.3516483516483517,2,0,0,0.7326684026924778,0.8421052631578947,good,0,1,0,1,0,0,1,0,0,0,0,0,0
0.30769230769230776,1,0,0,0.30514748030593364,0.21052631578947367,bad,0,1,0,1,0,0,1,0,0,0,0,0,0
0.08791208791208799,2,0,0,1.0,0.3684210526315789,good,1,0,0,0,1,0,0,0,1,0,0,0,0
0.26373626373626374,3,2,0,0.33174470594015626,0.4473684210526315,good,1,0,0,1,0,0,1,0,0,0,0,0,0
0.30769230769230776,2,0,1,0.10376848621824791,0.3684210526315789,bad,1,0,0,1,0,0,1,0,0,0,0,0,0
0.02197802197802201,2,3,0,0.3846771155767372,0.2894736842105263,good,1,0,0,0,1,0,1,0,0,0,0,0,0
0.24175824175824184,2,0,1,0.2329550107273293,0.21052631578947367,good,0,1,0,1,0,0,1,0,0,0,0,0,0
0.6153846153846154,1,0,1,0.09276273767994889,0.21052631578947367,good,0,1,0,1,0,0,1,0,0,0,0,0,0
0.32967032967032966,3,1,0,0.17569891416498795,0.4473684210526315,good,0,1,0,1,0,0,0,0,0,1,0,0,0
0.1318681318681319,2,0,1,0.32912428962151363,0.21052631578947367,bad,1,0,0,1,0,0,0,0,0,1,0,0,0
0.043956043956043966,2,0,1,0.3313516434923598,0.3684210526315789,good,0,1,0,0,1,0,1,0,0,0,0,0,0
0.21978021978021983,2,0,0,0.3266348941188031,0.631578947368421,good,0,1,0,1,0,0,0,0,0,0,1,0,0
0.5934065934065935,2,3,0,0.11778771352298595,0.3684210526315789,good,0,1,0,1,0,0,0,0,0,0,1,0,0
0.02197802197802201,2,0,0,0.13927512733585548,0.13157894736842105,good,0,1,0,1,0,0,0,0,0,1,0,0,0
0.7912087912087913,0,0,0,0.12315956697620334,0.3684210526315789,bad,1,0,1,0,0,0,0,0,0,0,0,1,0
1.0,1,0,0,0.41900456935095565,0.02631578947368421,good,0,1,0,1,0,1,0,0,0,0,0,0,0
0.21978021978021983,3,0,1,1.0,0.5263157894736842,bad,0,1,0,1,0,0,0,0,0,0,0,0,1
0.3736263736263737,3,0,0,0.21251576344191683,0.05263157894736842,good,0,1,1,0,0,0,0,0,0,1,0,0,0
0.30769230769230776,2,0,0,0.23688563520529324,0.5263157894736842,good,0,1,0,1,0,0,0,0,0,0,0,1,0
0.1318681318681319,2,0,0,0.24710525884799947,0.13157894736842105,good,0,1,0,1,0,0,0,0,0,1,0,0,0
0.1318681318681319,2,0,1,0.16167968686024992,0.21052631578947367,bad,0,1,0,1,0,0,0,0,0,0,1,0,0
0.08791208791208799,1,2,0,0.0537185345321738,0.05263157894736842,good,0,1,0,0,1,0,0,0,0,0,0,1,0
0.3956043956043957,2,3,0,0.13586858612162006,0.5263157894736842,good,1,0,0,1,0,0,1,0,0,0,0,0,0
1.0,0,0,0,0.4119294452906206,0.9999999999999999,good,0,1,0,1,0,0,0,0,0,0,0,1,0
0.1538461538461539,0,0,2,0.0470364729196351,0.21052631578947367,bad,1,0,0,1,0,1,0,0,0,0,0,0,0
0.4395604395604396,3,0,0,0.2140880132331024,0.21052631578947367,good,0,1,0,1,0,0,1,0,0,0,0,0,0
0.24175824175824184,2,0,0,0.17949851782701975,0.21052631578947367,good,1,0,0,1,0,0,0,0,0,1,0,0,0
0.21978021978021983,2,0,1,0.31169852110254015,0.42105263157894735,good,0,1,0,1,0,0,0,0,0,0,0,0,1
0.4835164835164835,1,0,0,0.061448762672169546,0.21052631578947367,bad,0,1,0,1,0,0,0,0,1,0,0,0,0
0.24175824175824184,3,0,1,0.6349268740071079,0.9999999999999999,bad,1,0,0,1,0,0,0,0,0,1,0,0,0
0.4835164835164835,1,0,0,0.13023469103653842,0.13157894736842105,good,1,0,0,0,1,0,0,0,1,0,0,0,0
0.32967032967032966,2,0,0,0.2085851389639529,0.8421052631578947,bad,1,0,0,1,0,0,1,0,0,0,0,0,0
0.3516483516483517,2,0,1,0.30475441785813717,0.07894736842105263,good,0,1,0,1,0,0,0,0,0,0,1,0,0
0.7912087912087913,3,0,2,0.15381843790432204,0.21052631578947367,good,1,0,0,1,0,0,0,0,0,1,0,0,0
0.9230769230769231,2,3,1,0.16534826970634958,0.2894736842105263,bad,0,1,0,1,0,0,0,0,0,0,0,1,0
0.24175824175824184,3,0,0,1.0,0.8421052631578947,good,0,1,0,1,0,0,1,0,0,0,0,0,0
0.21978021978021983,2,0,0,0.03511357866981117,0.05263157894736842,good,1,0,0,1,0,0,0,0,0,0,1,0,0
0.32967032967032966,2,0,0,0.32873122717371717,0.21052631578947367,good,0,1,0,1,0,0,0,0,0,1,0,0,0
0.3516483516483517,3,0,0,0.3170703745557576,0.5263157894736842,good,0,1,0,1,0,0,1,0,0,0,0,0,0
0.26373626373626374,2,0,0,0.5983720663620433,0.5263157894736842,bad,0,1,0,1,0,0,1,0,0,0,0,0,0
0.21978021978021983,3,0,0,0.31824956189914677,0.5263157894736842,good,1,0,0,1,0,0,1,0,0,0,0,0,0
0.3736263736263737,2,0,0,0.4788810822319396,0.1842105263157895,good,0,1,0,0,1,0,1,0,0,0,0,0,0
0.3516483516483517,2,0,0,0.4108812787631635,0.21052631578947367,bad,0,1,1,0,0,0,1,0,0,0,0,0,0
0.1758241758241758,2,0,0,0.012184935881688203,0.05263157894736842,good,1,0,0,1,0,0,0,1,0,0,0,0,0
0.28571428571428575,2,0,0,0.5691544244091781,0.3684210526315789,good,0,1,0,1,0,0,0,0,0,0,1,0,0
0.3956043956043957,2,0,0,0.4415401496912822,0.8421052631578947,good,0,1,0,1,0,0,0,0,0,1,0,0,0
0.3736263736263737,2,0,0,0.19273162023616502,0.2894736842105263,good,0,1,0,1,0,0,1,0,0,0,0,0,0
0.32967032967032966,3,0,1,0.36253459768420704,0.21052631578947367,good,1,0,0,0,1,0,0,0,0,1,0,0,0
0.4175824175824176,2,0,1,0.06603449122979413,0.21052631578947367,good,0,1,0,1,0,0,0,0,1,0,0,0,0
0.32967032967032966,2,0,0,0.22273538708462307,0.3684210526315789,good,0,1,0,1,0,1,0,0,0,0,0,0,0
0.9670329670329672,2,0,0,0.3503496618025189,0.5263157894736842,good,0,1,0,1,0,0,1,0,0,0,0,0,0
0.21978021978021983,1,0,0,0.18460832964837287,0.5263157894736842,bad,1,0,0,0,1,0,0,0,0,0,1,0,0
0.28571428571428575,2,0,0,0.915573461733733,0.9999999999999999,good,0,1,0,1,0,0,0,0,0,0,1,0,0
0.1538461538461539,2,0,0,0.3293863312533779,0.763157894736842,good,1,0,0,1,0,1,0,0,0,0,0,0,0
0.3516483516483517,1,0,0,0.5802911937634092,0.5263157894736842,good,0,1,0,1,0,0,1,0,0,0,0,0,0
0.06593406593406598,2,1,1,0.3723611588791169,0.5263157894736842,bad,0,1,0,0,1,0,0,0,0,0,1,0,0
0.08791208791208799,2,0,0,0.025942121554561978,0.05263157894736842,bad,1,0,0,1,0,0,0,0,1,0,0,0,0
0.19780219780219782,1,0,0,0.05293240963658101,0.13157894736842105,bad,0,1,0,1,0,0,1,0,0,0,0,0,0
0.3736263736263737,3,0,0,0.12944856614094563,0.05263157894736842,good,0,1,0,1,0,0,0,0,1,0,0,0,0
0.30769230769230776,2,0,1,0.13036571185247056,0.3684210526315789,bad,0,1,0,1,0,0,0,0,0,0,1,0,0
0.1538461538461539,2,0,0,0.3752436168296238,0.3684210526315789,bad,1,0,0,0,1,0,0,0,0,1,0,0,0
0.10989010989010989,2,2,0,0.30383727214661227,0.9210526315789472,good,0,1,0,1,0,0,1,0,0,0,0,0,0
0.1318681318681319,2,0,2,0.6422640396993072,0.5263157894736842,good,0,1,0,1,0,0,0,0,0,0,1,0,0
0.4395604395604396,1,1,1,0.10311338213858726,0.21052631578947367,good,0,1,0,1,0,1,0,0,0,0,0,0,0
0.5494505494505495,2,0,0,0.16089356196465712,0.2894736842105263,good,0,1,0,1,0,0,0,0,0,1,0,0,0
0.08791208791208799,1,0,1,0.43538217134247204,0.21052631578947367,good,1,0,0,1,0,0,0,0,0,0,1,0,0
0.1538461538461539,2,0,1,0.12460079595145679,0.5263157894736842,good,0,1,0,1,0,0,1,0,0,0,0,0,0
0.8351648351648351,2,3,0,0.44180219132314646,0.6842105263157895,good,1,0,0,0,1,0,0,0,0,1,0,0,0
0.24175824175824184,2,3,0,0.09302477931181316,0.2894736842105263,good,1,0,0,1,0,0,0,0,0,1,0,0,0
0.5494505494505495,2,2,0,0.11962200494603581,0.21052631578947367,good,0,1,0,1,0,0,1,0,0,0,0,0,0
0.6153846153846154,3,0,1,0.12564896247891383,0.05263157894736842,bad,0,1,0,1,0,0,1,0,0,0,0,0,0
0.7252747252747254,2,0,0,0.3703958466401349,0.21052631578947367,good,0,1,0,1,0,0,0,0,0,0,1,0,0
0.945054945054945,2,0,0,0.4594900014739842,0.5263157894736842,good,1,0,1,0,0,0,1,0,0,0,0,0,0
0.3516483516483517,1,1,0,0.15303231300872927,0.15789473684210525,good,0,1,0,0,1,0,1,0,0,0,0,0,0
0.1538461538461539,2,0,0,0.4281760264662048,0.05263157894736842,good,0,1,0,0,1,0,1,0,0,0,0,0,0
0.1538461538461539,2,0,0,0.220639054029709,0.21052631578947367,good,0,1,0,1,0,0,0,0,0,0,1,0,0
0.5054945054945055,3,0,1,1.0,0.6052631578947368,bad,1,0,1,0,0,1,0,0,0,0,0,0,0
0.1758241758241758,2,1,0,0.12931754532501352,0.05263157894736842,good,1,0,0,1,0,0,0,0,0,0,1,0,0
0.4175824175824176,2,0,1,0.015460456279991486,0.05263157894736842,good,0,1,0,1,0,0,0,0,0,0,1,0,0
0.4395604395604396,1,0,0,0.2452709674249496,0.21052631578947367,good,0,1,0,0,1,0,1,0,0,0,0,0,0
0.02197802197802201,2,0,0,0.35978316054963233,0.5263157894736842,bad,0,1,0,1,0,0,0,0,0,1,0,0,0
0.21978021978021983,3,1,1,1.0,0.8421052631578947,bad,0,1,0,0,1,0,0,0,0,1,0,0,0
0.4615384615384616,2,0,0,0.17491278926939516,0.5263157894736842,good,0,1,0,1,0,0,0,0,0,1,0,0,0
0.28571428571428575,1,0,1,0.1377028775446699,0.3684210526315789,good,0,1,0,1,0,0,0,0,0,0,1,0,0
0.19780219780219782,2,1,2,0.1405853354951768,0.05263157894736842,good,0,1,0,1,0,0,1,0,0,0,0,0,0
0.1758241758241758,2,0,0,0.376422804173013,0.5263157894736842,bad,1,0,0,1,0,0,1,0,0,0,0,0,0
0.5054945054945055,2,0,0,0.686942137932164,0.8421052631578947,good,0,1,1,0,0,0,1,0,0,0,0,0,0
0.6593406593406594,2,1,2,0.11477423475654694,0.13157894736842105,good,0,1,0,1,0,0,0,0,0,0,1,0,0
0.4175824175824176,2,1,1,0.12656610819043876,0.5263157894736842,bad,0,1,0,1,0,0,0,0,0,0,1,0,0
0.10989010989010989,2,0,0,0.12538692084704958,0.5263157894736842,bad,1,0,0,0,1,0,1,0,0,0,0,0,0
0.1758241758241758,1,0,0,0.13875104407212696,0.15789473684210525,bad,0,1,0,1,0,0,1,0,0,0,0,0,0
0.3736263736263737,2,2,2,0.2764539216167968,0.2894736842105263,good,0,1,0,1,0,0,1,0,0,0,0,0,0
0.32967032967032966,3,1,1,0.864737385152066,0.2894736842105263,bad,0,1,0,1,0,0,1,0,0,0,0,0,0
0.19780219780219782,2,0,0,0.1523772089290686,0.5263157894736842,good,0,1,0,1,0,0,0,0,0,0,1,0,0
0.5714285714285714,3,1,0,1.0,0.9210526315789472,good,0,1,0,1,0,0,1,0,0,0,0,0,0
0.1538461538461539,2,0,0,0.06668959530945479,0.21052631578947367,bad,0,1,0,1,0,0,1,0,0,0,0,0,0
0.28571428571428575,3,0,0,0.5812083394749341,0.8421052631578947,good,0,1,1,0,0,0,1,0,0,0,0,0,0
0.1538461538461539,2,0,2,0.31929772842660376,0.2894736842105263,good,0,1,0,0,1,1,0,0,0,0,0,0,0
0.02197802197802201,2,0,1,0.043891973337263954,0.21052631578947367,good,0,1,0,0,1,0,0,0,0,0,1,0,0
0.7692307692307692,2,0,0,0.26269673594392307,0.5263157894736842,good,0,1,0,1,0,0,1,0,0,0,0,0,0
0.3956043956043957,2,0,0,0.0470364729196351,0.05263157894736842,good,1,0,0,1,0,0,1,0,0,0,0,0,0
0.4615384615384616,1,0,0,0.14556412650059777,0.05263157894736842,good,0,1,0,1,0,0,1,0,0,0,0,0,0
0.08791208791208799,2,0,0,0.9010301511652664,0.8421052631578947,bad,1,0,0,0,1,0,0,0,0,1,0,0,0
0.5274725274725276,2,1,0,0.12486283758332103,0.05263157894736842,good,0,1,0,1,0,0,1,0,0,0,0,0,0
0.3736263736263737,2,0,0,0.05895936716945904,0.05263157894736842,good,0,1,1,0,0,0,0,0,0,0,1,0,0
0.5494505494505495,2,0,0,0.6887764293552139,0.5263157894736842,good,0,1,1,0,0,0,0,0,0,0,0,1,0
0.10989010989010989,2,0,0,0.3852011988404658,0.3684210526315789,bad,1,0,0,1,0,0,0,0,0,0,1,0,0
0.7472527472527473,2,0,0,0.8999819846378093,0.9999999999999999,bad,0,1,1,0,0,0,0,0,0,1,0,0,0
0.08791208791208799,2,1,0,0.4242454019882409,0.5263157894736842,good,1,0,0,1,0,0,1,0,0,0,0,0,0
0.1538461538461539,1,0,1,0.11307096414942924,0.3684210526315789,good,1,0,0,1,0,0,0,0,0,0,1,0,0
0.24175824175824184,2,0,1,1.0,0.5789473684210525,good,0,1,0,1,0,0,1,0,0,0,0,0,0
0.26373626373626374,2,1,0,0.1679686860249922,0.2894736842105263,good,1,0,0,1,0,0,0,0,1,0,0,0,0
0.5054945054945055,1,0,0,0.1641690823629604,0.0,good,0,1,0,1,0,0,0,0,0,0,1,0,0
0.26373626373626374,2,0,0,0.2688547142927332,0.8421052631578947,bad,0,1,0,0,1,0,0,0,0,0,1,0,0
0.4835164835164835,1,0,0,0.05398057616403806,0.05263157894736842,good,0,1,0,1,0,0,1,0,0,0,0,0,0
0.28571428571428575,2,0,1,0.2650551106307014,0.8421052631578947,good,0,1,0,1,0,0,0,0,1,0,0,0,0
0.19780219780219782,2,1,1,0.3119605627344044,0.2894736842105263,bad,1,0,0,0,1,0,1,0,0,0,0,0,0
0.4835164835164835,2,0,0,0.1641690823629604,0.21052631578947367,good,0,1,0,0,1,0,1,0,0,0,0,0,0
0.1538461538461539,2,1,0,0.1390130857039912,0.5263157894736842,good,0,1,0,1,0,0,0,0,0,0,1,0,0
0.1318681318681319,2,0,0,0.37406442948623464,0.5263157894736842,good,0,1,0,1,0,0,0,0,0,0,1,0,0
0.30769230769230776,2,0,2,0.2710820681635795,0.4473684210526315,bad,0,1,0,0,1,0,0,0,1,0,0,0,0
1.0,3,0,0,0.1472673971077155,0.05263157894736842,good,1,0,0,1,0,0,1,0,0,0,0,0,0
0.3956043956043957,2,0,1,0.4404919831638251,0.3684210526315789,good,1,0,0,1,0,0,0,0,0,1,0,0,0
0.5054945054945055,3,0,0,0.9843593900981018,0.9999999999999999,bad,0,1,1,0,0,0,1,0,0,0,0,0,0
0.5714285714285714,1,0,2,0.3667272637940353,0.3684210526315789,good,1,0,0,1,0,0,0,0,0,1,0,0,0
0.08791208791208799,2,0,1,0.16823072765685648,0.21052631578947367,bad,0,1,0,0,1,0,0,0,0,0,1,0,0
0.9010989010989012,2,0,0,0.23347909399105785,0.5263157894736842,good,0,1,1,0,0,0,1,0,0,0,0,0,0
0.26373626373626374,2,0,0,0.7992269771860004,0.6842105263157895,bad,0,1,0,1,0,0,0,0,0,1,0,0,0
0.32967032967032966,1,0,2,0.34248841284659104,0.3684210526315789,bad,0,1,0,1,0,0,0,0,0,1,0,0,0
0.9230769230769231,1,0,0,0.13167592001179187,0.21052631578947367,good,0,1,0,1,0,0,1,0,0,0,0,0,0
0.5274725274725276,2,0,0,0.1418955436544981,0.5263157894736842,bad,0,1,1,0,0,0,1,0,0,0,0,0,0
0.3956043956043957,2,0,0,0.23216888583173653,0.5263157894736842,good,1,0,0,1,0,0,1,0,0,0,0,0,0
0.28571428571428575,2,0,0,0.17058910234363484,0.5263157894736842,good,0,1,0,1,0,0,0,0,0,0,1,0,0
0.10989010989010989,1,0,0,0.04926382679048133,0.21052631578947367,bad,1,0,0,1,0,0,0,0,0,0,1,0,0
0.3516483516483517,2,0,0,1.0,0.9999999999999999,good,0,1,1,0,0,0,1,0,0,0,0,0,0
0.08791208791208799,2,0,0,0.0977415286853699,0.21052631578947367,good,1,0,0,1,0,0,0,0,0,0,0,1,0
0.5714285714285714,1,2,0,0.19653122389819683,0.05263157894736842,good,0,1,0,1,0,0,0,0,0,0,1,0,0
0.32967032967032966,2,0,0,0.8842594867259536,0.9999999999999999,bad,0,1,0,1,0,0,0,0,0,0,1,0,0
0.1758241758241758,2,1,1,0.22863132380156895,0.21052631578947367,good,0,1,0,1,0,0,1,0,0,0,0,0,0
1.0,3,0,1,0.12433875431959251,0.13157894736842105,good,1,0,0,1,0,0,0,0,1,0,0,0,0
0.06593406593406598,2,0,1,0.14163350202263383,0.21052631578947367,bad,0,1,0,1,0,0,0,0,0,0,1,0,0
0.19780219780219782,2,1,1,0.26571021471036216,0.3684210526315789,bad,1,0,0,1,0,0,1,0,0,0,0,0,0
0.21978021978021983,2,0,0,0.6227419381254197,0.4473684210526315,bad,1,0,0,1,0,0,1,0,0,0,0,0,0
0.1758241758241758,2,0,0,0.4326307342078973,0.5263157894736842,bad,0,1,0,1,0,0,0,0,0,1,0,0,0
0.26373626373626374,1,0,1,0.21985292913411617,0.3684210526315789,bad,0,1,0,1,0,0,0,0,0,1,0,0,0
0.6593406593406594,2,0,0,0.3555904944398042,0.5263157894736842,good,0,1,1,0,0,0,1,0,0,0,0,0,0
0.10989010989010989,1,0,0,0.16980297744804204,0.5263157894736842,bad,0,1,0,0,1,0,0,0,0,0,1,0,0
0.21978021978021983,2,0,2,0.05673201329861281,0.05263157894736842,good,1,0,0,1,0,0,0,0,0,0,1,0,0
0.3956043956043957,2,0,1,1.0,0.8421052631578947,bad,0,1,1,0,0,0,1,0,0,0,0,0,0
0.3956043956043957,3,0,1,0.5846148806891696,0.5263157894736842,good,0,1,0,1,0,1,0,0,0,0,0,0,0
0.08791208791208799,2,1,1,0.17072012315956697,0.5263157894736842,good,1,0,0,0,1,0,0,0,0,0,1,0,0
0.3736263736263737,2,0,0,0.14700535547585122,0.21052631578947367,bad,0,1,0,1,0,0,1,0,0,0,0,0,0
0.32967032967032966,2,3,0,0.30501645949000145,0.5263157894736842,good,0,1,0,1,0,0,0,0,0,0,1,0,0
0.4835164835164835,2,0,1,0.4885766226109173,0.9999999999999999,good,0,1,0,1,0,0,0,0,0,0,1,0,0
0.26373626373626374,2,0,0,0.85268347008631,0.9999999999999999,bad,1,0,0,1,0,0,0,0,0,0,1,0,0
0.08791208791208799,1,0,0,0.3909661147414796,0.5263157894736842,bad,1,0,0,0,1,0,0,0,0,1,0,0,0
0.4175824175824176,2,0,0,0.7473427340768765,0.6842105263157895,good,0,1,0,1,0,0,0,0,0,0,1,0,0
0.1538461538461539,3,0,0,0.6790808889762361,0.5263157894736842,good,1,0,0,0,1,0,1,0,0,0,0,0,0
0.06593406593406598,1,0,0,0.07284757365826496,0.2894736842105263,good,1,0,0,1,0,1,0,0,0,0,0,0,0
0.1758241758241758,1,0,1,0.10900931885553317,0.13157894736842105,good,0,1,0,1,0,0,0,0,0,0,1,0,0
0.10989010989010989,2,0,0,0.33253083083574897,0.2894736842105263,good,1,0,0,1,0,0,0,0,0,1,0,0,0
0.1758241758241758,2,0,1,0.35113578669811163,0.21052631578947367,good,1,0,0,1,0,0,0,0,0,0,1,0,0
0.30769230769230776,2,0,0,0.21972190831818403,0.5263157894736842,good,1,0,0,1,0,0,0,0,1,0,0,0,0
0.1758241758241758,2,0,1,0.33672349694557724,0.8421052631578947,bad,0,1,0,1,0,0,1,0,0,0,0,0,0
0.1758241758241758,1,0,0,0.09001130054537415,0.5263157894736842,good,0,1,0,1,0,0,0,0,1,0,0,0,0
0.24175824175824184,2,0,1,0.10560277764129775,0.3684210526315789,bad,0,1,0,1,0,0,1,0,0,0,0,0,0
0.6593406593406594,1,0,1,0.3765538249889451,0.21052631578947367,good,0,1,0,1,0,0,1,0,0,0,0,0,0
0.1538461538461539,2,0,0,0.14910168853076533,0.13157894736842105,good,1,0,0,0,1,0,0,0,0,1,0,0,0
0.30769230769230776,1,0,1,0.279598421199168,0.8421052631578947,bad,0,1,0,0,1,0,0,0,0,0,0,1,0
0.7252747252747254,3,0,0,0.24671219640020306,0.21052631578947367,good,1,0,1,0,0,0,1,0,0,0,0,0,0
0.02197802197802201,2,0,0,0.23439623970258275,0.3684210526315789,bad,1,0,0,0,1,0,0,0,0,1,0,0,0
0.3736263736263737,2,0,0,0.3339720598110024,0.13157894736842105,good,0,1,0,0,1,0,1,0,0,0,0,0,0
0.043956043956043966,1,0,0,0.13613062775348433,0.21052631578947367,good,0,1,0,1,0,0,0,0,0,1,0,0,0
0.6153846153846154,1,0,0,0.1266971290063709,0.3684210526315789,bad,0,1,0,1,0,0,0,1,0,0,0,0,0
0.9010989010989012,2,0,0,0.2615175486005339,0.21052631578947367,bad,0,1,0,1,0,0,0,0,0,1,0,0,0
0.8571428571428572,1,0,0,0.017687810150837716,0.21052631578947367,good,1,0,0,1,0,0,0,0,0,0,1,0,0
0.5054945054945055,2,0,1,0.224700699323605,0.5263157894736842,good,1,0,0,0,1,0,1,0,0,0,0,0,0
0.3736263736263737,1,3,0,0.17320951866227746,0.4473684210526315,good,1,0,0,1,0,1,0,0,0,0,0,0,0
0.02197802197802201,1,0,1,0.32335937372049983,0.5263157894736842,bad,1,0,0,0,1,0,1,0,0,0,0,0,0
0.4615384615384616,3,0,0,0.1451710640528014,0.5263157894736842,bad,0,1,0,1,0,0,0,0,0,0,0,0,1
0.28571428571428575,1,1,1,0.08922517564978136,0.05263157894736842,bad,1,0,0,1,0,0,1,0,0,0,0,0,0
0.08791208791208799,2,0,0,0.15617681259110042,0.5263157894736842,bad,1,0,0,0,1,0,1,0,0,0,0,0,0
0.3736263736263737,1,0,1,0.5229040763851357,0.5263157894736842,bad,0,1,0,1,0,1,0,0,0,0,0,0,0
0.26373626373626374,2,0,0,0.33082756022863136,0.3684210526315789,bad,0,1,0,1,0,0,1,0,0,0,0,0,0
0.28571428571428575,2,0,0,0.47337820796279007,0.5263157894736842,good,0,1,1,0,0,1,0,0,0,0,0,0,0
0.5714285714285714,2,0,1,0.27239227632290075,0.07894736842105263,good,1,0,0,1,0,0,0,0,0,0,1,0,0
0.24175824175824184,2,0,1,0.08752190504266365,0.13157894736842105,bad,1,0,0,1,0,0,0,0,0,1,0,0,0
0.32967032967032966,1,0,1,0.20793003488429224,0.5263157894736842,bad,1,0,1,0,0,0,0,0,1,0,0,0,0
0.19780219780219782,3,0,0,0.4060335085736746,0.8421052631578947,bad,1,0,0,1,0,0,0,0,0,1,0,0,0
0.08791208791208799,2,0,2,0.1342963363304345,0.15789473684210525,good,1,0,0,1,0,0,0,0,0,1,0,0,0
0.06593406593406598,2,2,0,0.3377716634730342,0.5263157894736842,good,0,1,0,1,0,0,0,0,0,1,0,0,0
1.0,3,0,0,0.5602450089257931,0.5263157894736842,good,0,1,0,1,0,1,0,0,0,0,0,0,0
0.6813186813186813,2,1,1,0.3172013953716897,0.8421052631578947,bad,1,0,1,0,0,0,0,0,0,0,1,0,0
0.30769230769230776,2,0,0,0.23596848949376834,0.3684210526315789,good,0,1,0,1,0,0,0,0,0,0,1,0,0
0.5714285714285714,2,0,0,0.13757185672873778,0.2894736842105263,good,0,1,1,0,0,0,1,0,0,0,0,0,0
0.06593406593406598,2,1,0,0.06433122062267643,0.21052631578947367,bad,1,0,0,1,0,0,0,1,0,0,0,0,0
0.6373626373626373,1,1,2,0.1297106077728099,0.15789473684210525,bad,1,0,1,0,0,0,1,0,0,0,0,0,0
0.21978021978021983,2,3,0,0.4070816751011317,0.4473684210526315,good,1,0,0,1,0,0,0,0,0,0,1,0,0
0.06593406593406598,2,0,0,0.4431123994824677,0.5263157894736842,good,1,0,0,0,1,0,1,0,0,0,0,0,0
0.06593406593406598,2,0,0,0.20413043122226043,0.3684210526315789,bad,1,0,0,1,0,0,0,0,0,1,0,0,0
0.6373626373626373,3,0,1,1.0,0.9999999999999999,good,0,1,0,1,0,1,0,0,0,0,0,0,0
0.1758241758241758,3,0,1,1.0,0.9999999999999999,good,0,1,1,0,0,0,0,0,0,0,1,0,0
0.3956043956043957,2,0,0,0.4488773153834815,0.05263157894736842,good,0,1,0,0,1,0,1,0,0,0,0,0,0
0.043956043956043966,2,1,1,0.41808742363943074,0.6842105263157895,bad,1,0,0,0,1,0,0,0,0,1,0,0,0
0.6593406593406594,1,0,0,0.05109811821353118,0.21052631578947367,good,0,1,0,1,0,0,1,0,0,0,0,0,0
0.1758241758241758,2,0,1,0.44573281580111035,0.4473684210526315,good,0,1,0,1,0,1,0,0,0,0,0,0,0
0.28571428571428575,2,0,0,0.16770664439312796,0.3684210526315789,bad,0,1,0,1,0,0,1,0,0,0,0,0,0
0.4175824175824176,2,0,0,0.48006026957532877,0.9999999999999999,bad,0,1,0,1,0,1,0,0,0,0,0,0,0
0.06593406593406598,2,0,0,0.210681472018867,0.21052631578947367,good,1,0,0,0,1,0,0,0,0,1,0,0,0
1.0,2,0,0,0.30789891744050835,0.3684210526315789,bad,0,1,1,0,0,0,0,0,0,0,1,0,0
0.3516483516483517,2,0,0,0.22653499074665487,0.2894736842105263,good,0,1,0,1,0,0,0,0,0,0,1,0,0
0.4835164835164835,2,0,2,0.24448484252935684,0.05263157894736842,good,0,1,0,1,0,0,0,0,0,1,0,0,0
0.21978021978021983,2,1,1,0.15552170851143976,0.13157894736842105,bad,0,1,0,1,0,0,1,0,0,0,0,0,0
0.3736263736263737,2,2,0,0.4968309340146416,0.9999999999999999,good,0,1,0,1,0,0,0,0,0,1,0,0,0
0.989010989010989,1,0,0,0.469316562668894,0.13157894736842105,good,0,1,0,1,0,0,0,0,1,0,0,0,0
0.19780219780219782,2,0,0,0.44678098232856744,0.5263157894736842,good,1,0,0,1,0,0,0,0,0,0,1,0,0
0.5494505494505495,2,0,0,0.17072012315956697,0.3684210526315789,bad,0,1,0,1,0,0,0,0,0,1,0,0,0
0.08791208791208799,2,0,1,0.15643885422296466,0.2894736842105263,good,0,1,0,1,0,0,0,0,0,0,1,0,0
0.0,2,0,0,0.226666011562587,0.13157894736842105,bad,1,0,0,0,1,0,0,0,0,1,0,0,0
0.1318681318681319,1,0,1,0.14477800160500498,0.5263157894736842,bad,1,0,0,1,0,0,1,0,0,0,0,0,0
0.6153846153846154,2,0,0,0.149756792610426,0.21052631578947367,good,0,1,0,1,0,0,0,0,1,0,0,0,0
0.19780219780219782,2,2,0,0.14752943873957974,0.5263157894736842,good,1,0,0,1,0,0,0,0,0,0,1,0,0
0.043956043956043966,2,0,0,1.0,0.9999999999999999,good,0,1,0,1,0,0,0,0,0,0,1,0,0
0.32967032967032966,2,0,0,0.1628588742036391,0.21052631578947367,good,1,0,0,1,0,0,0,0,0,0,1,0,0
0.1538461538461539,2,0,0,0.5398057616403806,0.9999999999999999,bad,0,1,0,1,0,0,0,0,0,0,1,0,0
0.1758241758241758,0,0,0,0.06551040796606561,0.3684210526315789,bad,1,0,0,1,0,0,0,0,1,0,0,0,0
0.4175824175824176,1,0,1,0.13862002325619482,0.2894736842105263,good,0,1,0,1,0,0,0,0,0,0,0,1,0
0.4615384615384616,3,1,0,0.5729540280712099,0.2894736842105263,bad,0,1,0,1,0,0,0,0,1,0,0,0,0
0.30769230769230776,2,0,0,0.20976432630734207,0.5263157894736842,good,0,1,0,1,0,0,0,0,0,0,1,0,0
0.28571428571428575,3,0,0,0.21356392996937387,0.3684210526315789,good,0,1,0,1,0,0,0,0,0,0,1,0,0
0.1758241758241758,2,0,0,1.0,0.8421052631578947,bad,0,1,0,0,1,1,0,0,0,0,0,0,0
0.28571428571428575,2,0,0,0.5677131954339246,0.6842105263157895,good,0,1,0,1,0,0,0,0,0,1,0,0,0
0.1538461538461539,2,2,0,0.14883964689890106,0.21052631578947367,bad,1,0,0,1,0,0,1,0,0,0,0,0,0
0.4175824175824176,2,0,2,0.09132150870469545,0.5263157894736842,bad,0,1,1,0,0,0,1,0,0,0,0,0,0
0.4615384615384616,1,0,0,0.05686303411454495,0.21052631578947367,bad,0,1,0,0,1,0,0,0,1,0,0,0,0
0.6813186813186813,3,0,0,0.9467564159255802,0.9999999999999999,good,0,1,1,0,0,0,0,0,1,0,0,0,0
0.3956043956043957,1,0,1,0.2190668042385234,0.21052631578947367,bad,0,1,0,1,0,0,0,0,0,1,0,0,0
0.5714285714285714,2,0,0,0.2689857351086654,0.5263157894736842,bad,0,1,0,1,0,0,1,0,0,0,0,0,0
0.5054945054945055,3,1,1,1.0,0.8421052631578947,bad,0,1,0,1,0,0,1,0,0,0,0,0,0
0.3516483516483517,2,0,0,0.274619630193747,0.5263157894736842,good,0,1,0,1,0,0,1,0,0,0,0,0,0
0.06593406593406598,2,0,0,0.48779049771532457,0.2631578947368421,good,0,1,1,0,0,0,1,0,0,0,0,0,0
0.4835164835164835,1,0,1,0.08359128056469972,0.21052631578947367,bad,0,1,0,1,0,0,1,0,0,0,0,0,0
0.3956043956043957,2,0,0,1.0,0.9999999999999999,good,0,1,0,1,0,0,0,0,0,0,1,0,0
0.19780219780219782,2,0,1,0.5202836600664931,0.6842105263157895,good,1,0,0,1,0,1,0,0,0,0,0,0,0
0.4835164835164835,2,0,1,0.8006682061612539,0.3684210526315789,good,0,1,0,1,0,0,0,0,0,1,0,0,0
0.08791208791208799,2,0,2,0.13717879428094137,0.21052631578947367,good,0,1,0,0,1,0,0,0,0,0,1,0,0
0.08791208791208799,2,0,0,0.0851635303558853,0.21052631578947367,bad,0,1,0,1,0,0,1,0,0,0,0,0,0
0.6813186813186813,2,0,0,0.26086244452087326,0.4473684210526315,good,0,1,0,1,0,0,0,0,0,1,0,0,0
0.3516483516483517,3,0,1,0.10481665274570498,0.05263157894736842,good,0,1,0,1,0,0,0,0,0,1,0,0,0
0.6813186813186813,1,0,2,0.10442359029790857,0.05263157894736842,good,1,0,0,1,0,0,0,0,1,0,0,0,0
0.1758241758241758,3,0,0,0.7945102278124437,0.5263157894736842,good,0,1,0,1,0,0,0,0,0,0,0,0,1
0.32967032967032966,2,3,1,0.4252935685156979,0.6842105263157895,good,0,1,0,1,0,0,0,0,0,1,0,0,0
0.1758241758241758,2,0,0,0.44009892071602874,0.9999999999999999,good,1,0,0,1,0,1,0,0,0,0,0,0,0
0.5274725274725276,2,0,0,0.6017786075762787,0.21052631578947367,bad,0,1,0,0,1,0,1,0,0,0,0,0,0
0.6153846153846154,2,0,2,0.36253459768420704,0.6842105263157895,good,0,1,0,1,0,0,0,0,0,0,1,0,0
0.1758241758241758,1,1,0,0.5095399531600583,0.5263157894736842,good,0,1,0,1,0,1,0,0,0,0,0,0,0
0.26373626373626374,2,1,0,0.7195663210992647,0.8421052631578947,good,0,1,0,1,0,1,0,0,0,0,0,0,0
0.5054945054945055,3,0,0,1.0,0.9999999999999999,good,0,1,0,1,0,0,1,0,0,0,0,0,0
0.10989010989010989,2,2,0,0.23976809315580014,0.05263157894736842,good,0,1,0,1,0,0,1,0,0,0,0,0,0
0.4835164835164835,1,2,0,0.3052785011218657,0.4473684210526315,bad,0,1,0,1,0,1,0,0,0,0,0,0,0
0.1538461538461539,3,0,0,0.5607690921895216,0.6842105263157895,good,1,0,0,0,1,0,0,0,0,0,1,0,0
0.30769230769230776,2,0,0,0.642001998067443,0.5263157894736842,good,0,1,0,1,0,0,0,0,0,1,0,0,0
0.10989010989010989,2,1,1,0.7003062611572414,0.9999999999999999,bad,0,1,0,1,0,0,0,0,0,0,1,0,0
0.989010989010989,1,0,0,0.279598421199168,0.5263157894736842,good,0,1,0,0,1,0,0,0,0,0,1,0,0
0.1538461538461539,2,0,0,0.15761804156635384,0.3684210526315789,good,1,0,0,1,0,0,0,0,0,0,1,0,0
0.8131868131868132,2,0,0,0.168754810920585,0.05263157894736842,good,1,0,0,1,0,0,0,0,1,0,0,0,0
0.3956043956043957,2,0,0,0.26584123552629424,0.21052631578947367,good,0,1,1,0,0,0,0,0,0,0,1,0,0
0.30769230769230776,2,0,0,0.16089356196465712,0.2894736842105263,good,0,1,0,1,0,0,0,0,0,0,1,0,0
0.6153846153846154,2,0,0,0.6358440197186328,0.5263157894736842,good,0,1,1,0,0,0,0,0,0,0,1,0,0
0.26373626373626374,1,1,1,1.0,0.8421052631578947,good,0,1,0,1,0,1,0,0,0,0,0,0,0
0.32967032967032966,2,0,0,0.8224176616059876,0.9999999999999999,good,0,1,1,0,0,0,1,0,0,0,0,0,0
0.1758241758241758,2,0,2,0.14372983507754794,0.15789473684210525,good,0,1,0,1,0,0,0,0,0,0,1,0,0
0.24175824175824184,2,1,1,0.34222637121472677,0.8421052631578947,good,0,1,1,0,0,0,1,0,0,0,0,0,0
0.3516483516483517,2,1,0,0.32794510227812446,0.13157894736842105,good,0,1,0,1,0,0,0,0,0,0,1,0,0
0.26373626373626374,2,3,0,0.44560179498517827,0.21052631578947367,good,0,1,0,1,0,0,1,0,0,0,0,0,0
0.1318681318681319,2,0,0,0.09499009155079513,0.2894736842105263,good,0,1,0,1,0,0,0,0,0,1,0,0,0
0.1318681318681319,1,1,1,0.3119605627344044,0.2894736842105263,good,1,0,0,1,0,0,0,0,0,0,0,1,0
0.21978021978021983,2,1,1,0.3466810789564192,0.5263157894736842,good,0,1,0,1,0,0,0,0,0,0,1,0,0
0.5494505494505495,1,0,0,0.585138963952898,0.05263157894736842,good,0,1,0,1,0,0,1,0,0,0,0,0,0
0.19780219780219782,2,0,0,0.26649633960595487,0.5263157894736842,good,0,1,0,1,0,0,0,0,0,0,1,0,0
0.6813186813186813,2,2,0,0.12918652450908139,0.05263157894736842,good,0,1,0,0,1,0,1,0,0,0,0,0,0
0.21978021978021983,2,0,1,0.11176075599010793,0.21052631578947367,good,0,1,0,1,0,0,0,0,0,0,1,0,0
0.4175824175824176,0,0,0,0.0885700715701207,0.21052631578947367,good,1,0,0,1,0,0,1,0,0,0,0,0,0
0.10989010989010989,2,0,0,0.2030822646948034,0.3684210526315789,good,0,1,0,1,0,0,0,0,0,0,1,0,0
0.4615384615384616,3,0,2,0.21683945036767716,0.2894736842105263,good,0,1,0,0,1,0,0,0,1,0,0,0,0
0.21978021978021983,1,2,0,0.11438117230875056,0.21052631578947367,bad,1,0,0,0,1,0,0,0,0,1,0,0,0
0.5934065934065935,2,0,0,0.7967375816832899,0.9999999999999999,bad,0,1,1,0,0,0,1,0,0,0,0,0,0
0.6153846153846154,2,1,2,0.14766045955551188,0.5263157894736842,good,1,0,1,0,0,0,0,0,0,0,1,0,0
0.4835164835164835,2,1,1,0.2951898982950917,0.6842105263157895,good,0,1,0,1,0,1,0,0,0,0,0,0,0
0.28571428571428575,2,0,1,0.29846541869339493,0.6052631578947368,good,1,0,0,1,0,1,0,0,0,0,0,0,0
0.3516483516483517,2,2,0,0.6647996200396338,0.2894736842105263,good,1,0,1,0,0,0,1,0,0,0,0,0,0
0.10989010989010989,2,1,1,0.826741348531748,0.9999999999999999,bad,0,1,0,1,0,0,1,0,0,0,0,0,0
0.1318681318681319,2,0,1,0.3562455985194648,0.21052631578947367,bad,1,0,0,0,1,0,0,0,0,1,0,0,0
0.1318681318681319,2,0,1,0.12525590003111745,0.13157894736842105,good,1,0,0,1,0,0,0,0,0,0,1,0,0
0.3956043956043957,1,0,1,0.24474688416122112,0.13157894736842105,good,0,1,0,1,0,0,0,0,0,0,1,0,0
0.28571428571428575,3,2,0,0.04965688923827773,0.3684210526315789,good,0,1,0,1,0,0,0,0,0,0,1,0,0
0.3516483516483517,2,0,0,0.12420773350366038,0.05263157894736842,bad,1,0,1,0,0,0,0,0,1,0,0,0,0
0.5934065934065935,3,0,0,0.29165233626492404,0.4473684210526315,good,0,1,0,1,0,0,1,0,0,0,0,0,0
0.1318681318681319,1,0,0,0.11634648454773253,0.13157894736842105,good,0,1,0,1,0,0,0,0,0,0,1,0,0
0.1758241758241758,3,0,1,1.0,0.9999999999999999,bad,0,1,0,1,0,0,1,0,0,0,0,0,0
0.9670329670329672,2,0,0,0.9624789138374359,0.6842105263157895,good,0,1,0,1,0,0,1,0,0,0,0,0,0
0.4615384615384616,2,0,0,0.3703958466401349,0.6842105263157895,good,0,1,0,1,0,0,0,0,0,0,1,0,0
0.28571428571428575,3,0,0,0.16443112399482468,0.3684210526315789,good,0,1,1,0,0,0,0,0,0,0,1,0,0
0.26373626373626374,2,0,2,0.37969832457131625,0.5263157894736842,good,0,1,0,1,0,0,0,0,0,0,1,0,0
0.26373626373626374,2,1,1,0.7727607723677099,0.42105263157894735,good,0,1,0,1,0,0,1,0,0,0,0,0,0
0.32967032967032966,3,0,2,0.14241962691822663,0.13157894736842105,bad,0,1,0,1,0,0,0,0,0,0,1,0,0
0.10989010989010989,2,3,1,0.02397680931558001,0.05263157894736842,bad,1,0,0,0,1,0,0,0,1,0,0,0,0
0.10989010989010989,1,0,0,0.12813835798162432,0.21052631578947367,bad,1,0,0,1,0,0,1,0,0,0,0,0,0
1.0,1,2,1,0.07075124060335086,0.13157894736842105,good,1,0,0,1,0,0,0,0,0,0,1,0,0
0.043956043956043966,2,0,0,0.30396829296254446,0.6052631578947368,bad,1,0,0,0,1,0,1,0,0,0,0,0,0
0.4835164835164835,1,3,0,0.0,0.05263157894736842,good,1,0,0,1,0,0,1,0,0,0,0,0,0
0.6153846153846154,1,2,0,0.13966818978365186,0.2894736842105263,good,0,1,0,1,0,0,0,0,0,0,1,0,0
0.1318681318681319,2,0,0,0.21382597160123815,0.3684210526315789,bad,1,0,0,0,1,0,0,0,0,0,1,0,0
0.8791208791208791,2,0,1,0.8078743510375211,0.9999999999999999,bad,1,0,0,0,1,1,0,0,0,0,0,0,0
0.3736263736263737,2,3,2,0.1342963363304345,0.5263157894736842,good,0,1,0,1,0,1,0,0,0,0,0,0,0
0.30769230769230776,2,0,1,0.8061710804304034,0.5263157894736842,good,0,1,0,1,0,0,0,0,0,0,1,0,0
0.043956043956043966,1,0,0,0.2275831572741119,0.5263157894736842,bad,0,1,0,0,1,0,0,0,0,0,1,0,0
0.5494505494505495,1,0,1,0.06682061612538692,0.10526315789473684,good,1,0,0,1,0,0,0,0,0,0,1,0,0
0.19780219780219782,2,3,0,0.3082919798883047,0.5263157894736842,good,1,0,0,0,1,0,1,0,0,0,0,0,0
0.3956043956043957,2,0,0,0.41009515386757067,0.0,good,1,0,0,1,0,0,1,0,0,0,0,0,0
0.21978021978021983,0,0,1,0.4900178515861707,0.8421052631578947,good,1,0,0,1,0,0,0,1,0,0,0,0,0
0.08791208791208799,3,0,1,1.0,0.5263157894736842,bad,1,0,0,0,1,0,1,0,0,0,0,0,0
0.3516483516483517,1,1,0,0.541115969799702,0.3684210526315789,good,0,1,0,1,0,0,1,0,0,0,0,0,0
0.5714285714285714,3,0,0,0.8530765325341064,0.05263157894736842,good,0,1,0,1,0,0,1,0,0,0,0,0,0
0.1538461538461539,1,1,1,0.5280138882064889,0.6842105263157895,bad,1,0,0,0,1,1,0,0,0,0,0,0,0
0.28571428571428575,2,1,0,0.2718681930591723,0.5263157894736842,good,0,1,0,1,0,0,1,0,0,0,0,0,0
0.08791208791208799,1,0,1,0.1045546111138407,0.15789473684210525,good,0,1,0,1,0,0,0,0,0,0,1,0,0
0.4835164835164835,2,0,0,0.3812705743625019,0.4473684210526315,good,0,1,0,1,0,0,0,0,0,0,1,0,0
0.06593406593406598,2,2,0,0.29256948197644905,0.5263157894736842,good,0,1,0,1,0,0,0,0,0,1,0,0,0
0.24175824175824184,3,0,0,1.0,0.9210526315789472,good,0,1,0,1,0,0,0,0,0,1,0,0,0
0.19780219780219782,1,0,0,0.20268920224700698,0.23684210526315785,good,0,1,0,1,0,1,0,0,0,0,0,0,0
0.08791208791208799,2,0,0,0.29623806482254866,0.2894736842105263,good,1,0,0,0,1,0,1,0,0,0,0,0,0
0.3956043956043957,1,0,0,0.13416531551450236,0.21052631578947367,bad,1,0,0,1,0,0,1,0,0,0,0,0,0
0.1538461538461539,2,0,0,0.6548420380287918,0.4473684210526315,good,0,1,0,1,0,0,1,0,0,0,0,0,0
0.30769230769230776,2,0,0,0.3641068474753927,0.2894736842105263,good,0,1,0,1,0,0,1,0,0,0,0,0,0
0.6593406593406594,2,0,0,0.02332170523591936,0.05263157894736842,good,1,0,0,1,0,0,0,0,0,1,0,0,0
0.08791208791208799,1,0,0,0.09512111236672727,0.3684210526315789,bad,1,0,0,1,0,0,1,0,0,0,0,0,0
0.08791208791208799,1,1,1,0.07743330221588955,0.21052631578947367,good,1,0,0,0,1,1,0,0,0,0,0,0,0
0.1318681318681319,2,0,0,0.7233659247612965,0.6842105263157895,good,1,0,0,1,0,0,0,0,0,0,1,0,0
0.7912087912087913,2,3,0,0.17098216479143125,0.21052631578947367,bad,0,1,1,0,0,0,0,0,0,0,0,1,0
0.28571428571428575,2,0,0,0.13560654448975581,0.5263157894736842,bad,1,0,0,0,1,0,1,0,0,0,0,0,0
1.0,0,0,2,0.13744083591280565,0.05263157894736842,good,0,1,0,1,0,0,1,0,0,0,0,0,0
0.4395604395604396,2,0,2,0.13377225306670598,0.2894736842105263,bad,0,1,1,0,0,0,0,0,0,0,1,0,0
0.26373626373626374,2,0,0,0.149756792610426,0.5263157894736842,good,0,1,0,1,0,0,1,0,0,0,0,0,0
0.3516483516483517,2,0,0,0.057780179826069866,0.21052631578947367,bad,0,1,0,1,0,0,1,0,0,0,0,0,0
0.8791208791208791,2,0,0,0.6282448123945692,0.2894736842105263,good,1,0,0,1,0,0,1,0,0,0,0,0,0
0.10989010989010989,2,0,0,0.24553300905681388,0.3684210526315789,bad,1,0,0,0,1,0,0,0,0,1,0,0,0
0.10989010989010989,1,0,0,0.25732488249070573,0.21052631578947367,good,0,1,0,1,0,0,0,0,0,0,1,0,0
0.24175824175824184,3,0,0,1.0,0.4473684210526315,bad,0,1,1,0,0,0,1,0,0,0,0,0,0
0.1758241758241758,2,1,0,0.2899490656578064,0.5263157894736842,good,0,1,0,1,0,0,1,0,0,0,0,0,0
0.4615384615384616,1,0,1,0.11857383841857874,0.21052631578947367,good,0,1,0,1,0,0,0,0,0,0,1,0,0
0.26373626373626374,1,0,0,0.374457491934031,0.6842105263157895,bad,0,1,0,1,0,0,0,0,0,1,0,0,0
0.26373626373626374,2,0,0,0.3473361830360798,0.15789473684210525,good,1,0,0,0,1,0,1,0,0,0,0,0,0
0.19780219780219782,2,0,1,0.44114708724348584,0.21052631578947367,good,0,1,0,0,1,0,0,0,0,1,0,0,0
0.9670329670329672,1,0,0,0.18408424638464435,0.21052631578947367,good,0,1,0,1,0,0,0,0,0,0,1,0,0
0.1538461538461539,2,0,0,0.33567533041812014,0.5263157894736842,good,1,0,0,0,1,0,1,0,0,0,0,0,0
0.1318681318681319,3,0,0,1.0,0.8421052631578947,bad,1,0,0,1,0,0,0,0,1,0,0,0,0
0.3736263736263737,3,0,0,0.3963379681946969,0.4473684210526315,good,0,1,0,1,0,0,1,0,0,0,0,0,0
0.7252747252747254,2,1,0,0.2585040698340949,0.5263157894736842,good,0,1,0,1,0,0,0,0,0,0,1,0,0
1.0,0,2,2,0.1611556035965214,0.21052631578947367,good,0,1,1,0,0,0,1,0,0,0,0,0,0
0.1318681318681319,2,0,0,0.1468743346599191,0.5263157894736842,bad,1,0,0,0,1,0,1,0,0,0,0,0,0
0.3956043956043957,2,0,0,0.43040338033705106,0.8421052631578947,good,0,1,0,1,0,0,1,0,0,0,0,0,0
0.1318681318681319,2,0,0,0.4269968391228156,0.3684210526315789,good,1,0,0,1,0,0,0,0,0,0,1,0,0
0.4175824175824176,3,3,0,0.7155046758053686,0.8421052631578947,good,0,1,0,1,0,0,1,0,0,0,0,0,0
1.0,2,0,1,0.47455739530617924,0.3684210526315789,good,1,0,0,1,0,0,0,0,0,0,0,1,0
0.1318681318681319,2,0,1,0.6135704810101705,0.9210526315789472,bad,0,1,0,1,0,0,0,0,0,0,1,0,0
0.9010989010989012,2,3,0,0.22142517892530175,0.5263157894736842,good,0,1,0,1,0,0,1,0,0,0,0,0,0
0.26373626373626374,1,0,1,0.1519841464812722,0.21052631578947367,good,0,1,0,1,0,0,0,0,1,0,0,0,0
0.08791208791208799,1,1,1,0.0767781981362289,0.21052631578947367,bad,1,0,0,1,0,0,1,0,0,0,0,0,0
0.9010989010989012,3,0,1,0.8146874334659919,0.42105263157894735,good,0,1,0,1,0,0,1,0,0,0,0,0,0
0.3516483516483517,1,3,1,0.2215561997412339,0.3684210526315789,good,0,1,0,1,0,1,0,0,0,0,0,0,0
0.4615384615384616,2,2,0,0.3177254786354182,0.4736842105263158,good,0,1,0,1,0,0,0,0,0,0,1,0,0
0.4175824175824176,2,0,0,0.3276830606462602,0.9999999999999999,good,0,1,0,1,0,0,1,0,0,0,0,0,0
0.6813186813186813,2,0,1,0.7827183543785519,0.9999999999999999,bad,0,1,1,0,0,0,0,0,1,0,0,0,0
0.1758241758241758,2,0,0,0.7531076499778903,0.9473684210526315,bad,0,1,0,1,0,0,0,0,1,0,0,0,0
0.4395604395604396,2,0,1,0.12289752534433909,0.4473684210526315,bad,1,0,0,1,0,1,0,0,0,0,0,0,0
0.4835164835164835,3,0,0,0.7943792069965115,0.5263157894736842,good,0,1,0,1,0,0,1,0,0,0,0,0,0
0.1758241758241758,2,0,0,0.12722121227009942,0.05263157894736842,good,0,1,0,1,0,0,0,0,0,1,0,0,0
0.7032967032967032,2,0,2,0.34615699569269065,0.5263157894736842,good,0,1,1,0,0,0,0,0,0,1,0,0,0
0.28571428571428575,2,2,0,0.36843053440115303,0.5263157894736842,good,0,1,0,0,1,0,0,0,0,1,0,0,0
0.06593406593406598,2,1,0,0.26872369347680114,0.13157894736842105,good,1,0,0,0,1,0,0,0,0,1,0,0,0
0.7032967032967032,2,0,0,0.9513421444832048,0.3684210526315789,bad,0,1,1,0,0,0,1,0,0,0,0,0,0
0.06593406593406598,1,0,0,0.13206898245958826,0.21052631578947367,good,1,0,0,0,1,0,0,0,0,1,0,0,0
0.7692307692307692,2,0,0,0.06118672104030527,0.5263157894736842,good,0,1,0,1,0,0,1,0,0,0,0,0,0
0.3516483516483517,0,0,1,0.17019603989583845,0.13157894736842105,good,0,1,0,1,0,0,1,0,0,0,0,0,0
0.7692307692307692,2,0,0,0.17648503906058075,0.5263157894736842,good,0,1,1,0,0,0,0,0,1,0,0,0,0
0.6373626373626373,1,0,1,0.20242716061514274,0.3684210526315789,good,1,0,0,0,1,0,0,0,0,0,1,0,0
0.10989010989010989,2,0,0,0.5269657216790318,0.42105263157894735,good,1,0,0,1,0,0,0,0,0,1,0,0,0
0.3516483516483517,2,0,0,0.09512111236672727,0.21052631578947367,good,0,1,0,1,0,0,0,0,0,0,1,0,0
0.10989010989010989,0,0,1,0.9462323326618517,0.21052631578947367,good,1,0,0,0,1,0,1,0,0,0,0,0,0
0.10989010989010989,2,0,0,1.0,0.8421052631578947,bad,0,1,0,1,0,0,1,0,0,0,0,0,0
0.1538461538461539,1,0,1,0.04454707741692461,0.05263157894736842,good,0,1,0,1,0,0,0,0,0,0,1,0,0
1.0,2,0,0,0.08909415483384922,0.21052631578947367,good,0,1,0,1,0,0,0,0,0,0,1,0,0
0.7912087912087913,3,0,1,1.0,0.9999999999999999,good,0,1,1,0,0,0,1,0,0,0,0,0,0
0.1538461538461539,0,0,1,0.2001998067442965,0.2894736842105263,bad,1,0,0,0,1,0,1,0,0,0,0,0,0
0.1538461538461539,2,0,1,0.08608067606741021,0.10526315789473684,good,0,1,0,1,0,1,0,0,0,0,0,0,0
0.19780219780219782,1,0,1,0.030658870928118698,0.05263157894736842,good,0,1,0,1,0,0,0,0,0,0,1,0,0
0.10989010989010989,2,0,0,1.0,0.8421052631578947,bad,0,1,0,1,0,0,1,0,0,0,0,0,0
0.7692307692307692,2,0,0,0.3669893054258996,0.9999999999999999,bad,0,1,0,1,0,0,0,1,0,0,0,0,0
0.5934065934065935,2,0,0,0.48228762344617504,0.9999999999999999,bad,0,1,1,0,0,0,1,0,0,0,0,0,0
0.7692307692307692,2,0,1,0.9409915000245664,0.8421052631578947,good,1,0,0,0,1,0,1,0,0,0,0,0,0
0.945054945054945,2,2,0,0.14255064773415876,0.05263157894736842,good,0,1,0,1,0,0,0,1,0,0,0,0,0
0.10989010989010989,2,0,0,0.1708511439754991,0.05263157894736842,good,1,0,0,0,1,0,0,0,0,0,1,0,0
0.5274725274725276,3,0,0,1.0,0.8421052631578947,good,0,1,0,1,0,0,0,0,0,0,0,0,1
0.1538461538461539,2,0,0,0.14346779344568367,0.3684210526315789,bad,0,1,0,1,0,0,0,0,0,0,1,0,0
0.1758241758241758,2,0,0,0.11149871435824366,0.21052631578947367,good,0,1,0,1,0,0,1,0,0,0,0,0,0
0.10989010989010989,2,0,2,0.36240357686827496,0.21052631578947367,good,0,1,0,1,0,0,0,0,0,0,1,0,0
0.4835164835164835,2,0,0,0.322573248824907,0.8421052631578947,bad,0,1,0,1,0,0,0,0,0,1,0,0,0
0.6153846153846154,1,0,0,0.06302101246335512,0.10526315789473684,good,0,1,0,1,0,0,1,0,0,0,0,0,0
0.3516483516483517,3,0,0,0.4625034802404232,0.3684210526315789,good,0,1,0,1,0,0,0,0,0,1,0,0,0
0.24175824175824184,2,0,0,0.1771401431402414,0.4473684210526315,good,0,1,0,1,0,0,1,0,0,0,0,0,0
0.30769230769230776,2,0,0,0.48687335200379966,0.3684210526315789,bad,1,0,0,0,1,0,1,0,0,0,0,0,0
0.3736263736263737,2,0,0,0.5129464943742937,0.3684210526315789,bad,0,1,0,1,0,1,0,0,0,0,0,0,0
0.6153846153846154,2,0,0,1.0,0.8421052631578947,bad,0,1,1,0,0,0,1,0,0,0,0,0,0
0.4175824175824176,2,0,1,0.8425948672595359,0.9999999999999999,good,0,1,1,0,0,1,0,0,0,0,0,0,0
0.5494505494505495,2,2,0,0.2784192338557788,0.5263157894736842,good,0,1,0,1,0,1,0,0,0,0,0,0,0
0.08791208791208799,2,0,0,0.12656610819043876,0.3684210526315789,bad,1,0,0,0,1,0,1,0,0,0,0,0,0
0.21978021978021983,2,0,0,1.0,0.9999999999999999,bad,0,1,0,0,1,1,0,0,0,0,0,0,0
0.5054945054945055,2,0,1,0.6333546242159224,0.5263157894736842,good,1,0,0,1,0,0,0,0,0,0,1,0,0
0.1318681318681319,1,0,2,0.2721302346910366,0.2894736842105263,bad,1,0,0,1,0,0,0,0,0,0,1,0,0
0.6373626373626373,2,0,0,0.10900931885553317,0.21052631578947367,bad,0,1,0,1,0,0,1,0,0,0,0,0,0
0.043956043956043966,2,0,0,0.08332923893283545,0.21052631578947367,good,1,0,0,1,0,0,0,0,0,0,1,0,0
0.08791208791208799,1,0,0,0.04598830639217806,0.0,good,1,0,0,0,1,0,0,0,0,1,0,0,0
0.9670329670329672,2,0,0,0.35467334872827916,0.5263157894736842,good,0,1,0,1,0,0,1,0,0,0,0,0,0
0.5934065934065935,2,0,0,0.3093401464157618,0.5263157894736842,good,0,1,0,1,0,0,0,0,0,0,1,0,0
0.21978021978021983,2,0,0,0.6458016017294748,0.8421052631578947,bad,0,1,0,1,0,0,0,0,0,1,0,0,0
0.19780219780219782,1,0,0,0.359390098101836,0.4473684210526315,good,0,1,0,1,0,0,1,0,0,0,0,0,0
0.08791208791208799,2,0,0,0.22181824137309816,0.3684210526315789,bad,1,0,0,1,0,0,0,0,0,0,0,1,0
0.6813186813186813,2,0,0,0.17150624805515977,0.5263157894736842,good,0,1,0,1,0,1,0,0,0,0,0,0,0
0.6153846153846154,2,0,0,0.4155980281367202,0.3684210526315789,good,0,1,0,1,0,0,0,0,0,1,0,0,0
0.3516483516483517,2,0,1,0.4881835601631209,0.4473684210526315,good,0,1,0,1,0,0,0,0,0,1,0,0,0
1.0,2,0,0,0.8530765325341064,0.3684210526315789,bad,0,1,0,0,1,0,1,0,0,0,0,0,0
0.19780219780219782,2,0,0,0.13088979511619908,0.5263157894736842,good,0,1,0,1,0,0,1,0,0,0,0,0,0
0.8791208791208791,2,0,0,0.14595718894839418,0.13157894736842105,good,0,1,0,1,0,0,0,0,0,0,1,0,0
0.8351648351648351,1,0,0,0.06013855451284823,0.21052631578947367,bad,0,1,0,1,0,0,0,0,0,0,1,0,0
0.30769230769230776,2,0,0,0.26007631962528044,0.42105263157894735,bad,0,1,0,0,1,0,1,0,0,0,0,0,0
0.5274725274725276,2,0,0,0.4968309340146416,0.5263157894736842,good,0,1,0,1,0,0,1,0,0,0,0,0,0
0.3516483516483517,2,0,0,0.15997641625313222,0.2894736842105263,good,0,1,1,0,0,0,0,0,0,0,1,0,0
0.28571428571428575,1,0,0,0.15617681259110042,0.3684210526315789,bad,0,1,1,0,0,0,1,0,0,0,0,0,0
0.5714285714285714,2,0,0,1.0,0.8421052631578947,good,0,1,0,1,0,0,1,0,0,0,0,0,0
0.30769230769230776,2,1,0,0.1603694787009286,0.5263157894736842,good,0,1,0,1,0,0,1,0,0,0,0,0,0
0.4615384615384616,2,0,0,0.0843774054602925,0.15789473684210525,good,1,0,0,1,0,0,0,0,1,0,0,0,0
0.19780219780219782,2,0,0,0.4052473836780819,0.2894736842105263,good,0,1,1,0,0,0,0,0,0,1,0,0,0
0.21978021978021983,2,0,0,0.48595620629227465,0.2894736842105263,bad,1,0,0,1,0,0,1,0,0,0,0,0,0
0.1538461538461539,2,1,0,0.4359062546062006,0.13157894736842105,good,0,1,0,0,1,0,1,0,0,0,0,0,0
0.1758241758241758,2,3,0,0.7276896116870568,0.5263157894736842,good,0,1,0,1,0,0,1,0,0,0,0,0,0
0.19780219780219782,2,0,0,0.25142894577375985,0.3684210526315789,bad,0,1,0,1,0,1,0,0,0,0,0,0,0
0.3516483516483517,2,0,0,0.28680456607543525,0.5263157894736842,bad,1,0,0,1,0,0,0,0,0,0,1,0,0
0.28571428571428575,1,3,0,0.5602450089257931,0.6052631578947368,good,0,1,0,1,0,0,0,0,0,1,0,0,0
0.1318681318681319,1,0,0,0.2568007992269772,0.15789473684210525,bad,0,1,0,0,1,0,0,0,0,1,0,0,0
0.02197802197802201,2,2,0,0.25824202820223063,0.2894736842105263,good,1,0,0,0,1,0,0,0,0,1,0,0,0
0.1758241758241758,2,0,0,0.28025352527882863,0.3684210526315789,good,1,0,0,1,0,0,0,0,0,0,1,0,0
0.5054945054945055,2,0,0,0.40367513388689624,0.21052631578947367,good,0,1,0,1,0,0,0,0,0,1,0,0,0
0.3956043956043957,2,0,0,0.9379780212581273,0.8421052631578947,good,0,1,0,1,0,1,0,0,0,0,0,0,0
0.10989010989010989,2,0,0,0.05267036800471675,0.21052631578947367,good,1,0,0,0,1,0,0,0,0,1,0,0,0
0.4615384615384616,2,2,0,0.9732226207438708,0.8421052631578947,good,1,0,0,1,0,0,0,0,0,1,0,0,0
0.5934065934065935,2,0,2,0.14320575181381942,0.05263157894736842,good,0,1,0,1,0,0,1,0,0,0,0,0,0
0.1538461538461539,2,1,0,0.14831556363517254,0.5263157894736842,good,0,1,0,1,0,1,0,0,0,0,0,0,0
0.10989010989010989,2,0,0,0.08175698914164987,0.2894736842105263,good,1,0,0,1,0,0,0,1,0,0,0,0,0
0.21978021978021983,1,0,0,0.4376095252133183,0.21052631578947367,good,0,1,0,1,0,0,0,0,0,1,0,0,0
0.4615384615384616,2,3,1,0.14045431467924466,0.1842105263157895,good,1,0,0,1,0,0,1,0,0,0,0,0,0
0.3736263736263737,3,0,0,0.22142517892530175,0.3684210526315789,good,0,1,1,0,0,0,0,0,0,0,1,0,0
0.19780219780219782,2,0,0,0.43826462929297894,0.8421052631578947,good,0,1,0,1,0,0,0,0,0,0,1,0,0
0.1758241758241758,3,0,0,0.1535563962724578,0.13157894736842105,bad,0,1,1,0,0,0,1,0,0,0,0,0,0
0.3736263736263737,2,0,0,0.8505871370313959,0.6842105263157895,good,0,1,0,1,0,0,0,0,0,0,1,0,0
0.4175824175824176,3,0,0,0.9910414517106405,0.5263157894736842,good,0,1,0,1,0,0,1,0,0,0,0,0,0
0.6373626373626373,2,0,0,1.0,0.5263157894736842,good,0,1,1,0,0,0,1,0,0,0,0,0,0
0.3736263736263737,2,0,1,0.2530011955649454,0.6842105263157895,good,0,1,0,1,0,0,1,0,0,0,0,0,0
1.0,0,0,0,0.11110565191044727,0.3684210526315789,good,1,0,0,1,0,0,0,0,0,0,1,0,0
0.5274725274725276,2,0,1,0.4987962462536235,0.5263157894736842,bad,0,1,0,1,0,0,0,0,0,1,0,0,0
0.7472527472527473,2,0,0,0.0714063446830115,0.21052631578947367,bad,1,0,0,1,0,0,0,0,1,0,0,0,0
0.32967032967032966,2,0,1,0.33737860102523787,0.5263157894736842,good,0,1,0,1,0,1,0,0,0,0,0,0,0
0.08791208791208799,2,0,1,1.0,0.9999999999999999,bad,0,1,0,1,0,1,0,0,0,0,0,0,0
0.32967032967032966,3,0,0,0.8338164725920831,0.8421052631578947,good,0,1,0,1,0,0,1,0,0,0,0,0,0
0.4615384615384616,2,0,0,0.9923516598699618,0.631578947368421,good,0,1,0,0,1,0,1,0,0,0,0,0,0
0.5274725274725276,3,0,0,0.2871976285232316,0.6052631578947368,good,0,1,0,1,0,1,0,0,0,0,0,0,0
0.5934065934065935,2,0,0,0.2068818683568352,0.2894736842105263,good,0,1,0,1,0,0,0,0,0,0,1,0,0
0.4175824175824176,1,0,0,0.251690987405624,0.21052631578947367,good,0,1,0,1,0,0,1,0,0,0,0,0,0
0.32967032967032966,2,0,1,0.7271655284233283,0.8421052631578947,good,0,1,0,1,0,0,1,0,0,0,0,0,0
0.21978021978021983,2,0,0,0.12040812984162858,0.3684210526315789,good,0,1,0,1,0,0,0,0,0,0,1,0,0
0.26373626373626374,3,0,0,1.0,0.8421052631578947,good,0,1,0,1,0,0,1,0,0,0,0,0,0
0.19780219780219782,3,0,0,0.30868504233610117,0.4473684210526315,good,1,0,0,0,1,0,0,0,0,0,1,0,0
0.3516483516483517,2,3,0,0.1758299349809201,0.21052631578947367,good,1,0,0,1,0,0,0,0,0,1,0,0,0
0.30769230769230776,1,0,0,0.253656299644606,0.2894736842105263,good,1,0,0,0,1,0,0,0,0,1,0,0,0
0.5054945054945055,2,0,0,0.5113742445831082,0.3684210526315789,bad,0,1,0,1,0,0,0,0,0,1,0,0,0
0.5274725274725276,2,0,0,0.3111744378388116,0.3157894736842105,bad,0,1,0,0,1,0,1,0,0,0,0,0,0
0.5494505494505495,2,0,0,0.42385233954044443,0.42105263157894735,good,0,1,0,1,0,0,1,0,0,0,0,0,0
0.5054945054945055,2,0,0,1.0,0.8421052631578947,good,0,1,1,0,0,0,1,0,0,0,0,0,0
0.4615384615384616,2,0,0,0.14883964689890106,0.2894736842105263,good,0,1,0,0,1,0,0,0,0,0,1,0,0
0.3736263736263737,3,0,0,0.13468939877823088,0.5263157894736842,good,0,1,0,1,0,0,0,0,0,0,1,0,0
0.02197802197802201,3,0,0,0.11228483925383645,0.21052631578947367,good,0,1,0,0,1,0,0,0,0,0,1,0,0
0.10989010989010989,1,0,0,0.46027612636957693,0.4473684210526315,good,0,1,0,1,0,0,1,0,0,0,0,0,0
0.1758241758241758,2,0,1,0.45346304394110615,0.8421052631578947,good,0,1,0,1,0,0,0,0,1,0,0,0,0
0.5934065934065935,1,0,0,0.43813360847704674,0.2894736842105263,good,1,0,0,1,0,0,1,0,0,0,0,0,0
0.30769230769230776,1,0,1,0.3858563029201264,0.13157894736842105,good,1,0,0,1,0,0,1,0,0,0,0,0,0
0.32967032967032966,2,0,0,0.5508115101786797,0.8421052631578947,good,1,0,0,1,0,0,0,0,0,0,1,0,0
0.1318681318681319,1,0,1,0.5877593802715406,0.5263157894736842,bad,1,0,0,1,0,0,0,0,0,1,0,0,0
0.1318681318681319,2,0,1,0.3591280564699717,0.6842105263157895,good,1,0,0,1,0,0,0,0,0,0,1,0,0
0.19780219780219782,2,3,0,0.24789138374359224,0.1842105263157895,good,0,1,0,1,0,1,0,0,0,0,0,0,0
0.26373626373626374,2,0,0,0.38140159517843397,0.5263157894736842,bad,0,1,0,0,1,1,0,0,0,0,0,0,0
0.28571428571428575,3,0,1,1.0,0.9999999999999999,bad,1,0,0,1,0,0,0,0,0,0,0,0,1
0.28571428571428575,2,1,0,0.34039207979167685,0.15789473684210525,good,0,1,0,1,0,0,1,0,0,0,0,0,0
1.0,3,0,0,1.0,0.05263157894736842,bad,0,1,0,1,0,0,1,0,0,0,0,0,0
0.30769230769230776,2,1,0,0.27632290080086475,0.5263157894736842,bad,0,1,0,1,0,0,0,0,0,1,0,0,0
0.4395604395604396,3,0,0,0.40550942530994616,0.5263157894736842,bad,0,1,0,0,1,0,0,0,0,1,0,0,0
0.19780219780219782,2,0,0,0.2053096185656496,0.3684210526315789,good,1,0,0,1,0,0,0,0,0,1,0,0,0
0.3956043956043957,3,2,0,1.0,0.9999999999999999,good,0,1,0,1,0,0,0,0,0,0,1,0,0
0.06593406593406598,2,0,0,0.14621923058025843,0.13157894736842105,bad,1,0,0,0,1,0,0,0,0,0,1,0,0
0.24175824175824184,2,0,1,0.2295484695130939,0.21052631578947367,good,0,1,0,0,1,0,1,0,0,0,0,0,0
0.7912087912087913,2,0,0,0.8676198431025729,0.5263157894736842,bad,0,1,0,1,0,0,0,0,0,1,0,0,0
0.5934065934065935,2,0,0,0.058566304721662646,0.21052631578947367,bad,0,1,0,1,0,0,1,0,0,0,0,0,0
0.043956043956043966,2,0,0,0.10468563192977284,0.3684210526315789,good,1,0,0,0,1,0,0,0,0,1,0,0,0
0.4395604395604396,2,0,0,1.0,0.9999999999999999,bad,0,1,1,0,0,0,1,0,0,0,0,0,0
0.8571428571428572,2,0,0,0.21186065936225618,0.6842105263157895,good,0,1,0,1,0,0,0,0,0,0,1,0,0
0.5274725274725276,1,0,0,0.14333677262975156,0.21052631578947367,good,0,1,0,1,0,0,1,0,0,0,0,0,0
0.10989010989010989,1,0,0,0.19613816145040042,0.5263157894736842,good,0,1,0,1,0,0,0,0,0,1,0,0,0
0.06593406593406598,2,0,1,0.18604955862362632,0.13157894736842105,bad,1,0,0,1,0,0,0,0,0,0,1,0,0
0.24175824175824184,2,0,0,0.1276142747178958,0.13157894736842105,good,0,1,0,1,0,0,1,0,0,0,0,0,0
0.5054945054945055,2,2,0,0.03563766193353969,0.21052631578947367,good,0,1,0,1,0,0,0,0,0,0,1,0,0
0.08791208791208799,2,0,0,0.16351397828329975,0.21052631578947367,good,1,0,0,1,0,0,0,0,0,0,1,0,0
0.24175824175824184,3,1,1,0.218673741790727,0.6842105263157895,bad,0,1,0,1,0,0,0,0,0,0,1,0,0
0.19780219780219782,1,0,2,0.06485530388640495,0.13157894736842105,bad,1,0,0,1,0,0,0,0,0,0,1,0,0
0.24175824175824184,3,0,1,0.23754073928495387,0.05263157894736842,good,0,1,0,0,1,0,0,0,0,0,1,0,0
0.5054945054945055,2,0,1,0.7911036865982083,0.9999999999999999,bad,0,1,1,0,0,0,0,0,1,0,0,0,0
0.5934065934065935,3,0,0,0.863689218624609,0.5263157894736842,good,0,1,0,1,0,0,1,0,0,0,0,0,0
0.5714285714285714,3,0,0,0.42935521380959396,0.21052631578947367,good,0,1,0,1,0,0,1,0,0,0,0,0,0
0.26373626373626374,1,0,0,0.16980297744804204,0.15789473684210525,good,0,1,0,1,0,0,1,0,0,0,0,0,0
0.26373626373626374,2,0,0,0.0889631340179171,0.5263157894736842,good,0,1,0,1,0,0,0,0,0,1,0,0,0
0.5054945054945055,1,0,0,0.1578800831982181,0.0,good,0,1,0,1,0,0,1,0,0,0,0,0,0
0.5934065934065935,2,0,0,0.20897820141174928,0.2894736842105263,good,1,0,0,0,1,0,0,0,0,1,0,0,0
0.24175824175824184,2,2,1,1.0,0.9999999999999999,good,1,0,0,1,0,0,1,0,0,0,0,0,0
0.24175824175824184,2,2,0,0.4060335085736746,0.5263157894736842,bad,0,1,1,0,0,0,0,0,0,1,0,0,0
0.4175824175824176,3,0,0,0.3418333087669303,0.21052631578947367,good,0,1,0,1,0,0,1,0,0,0,0,0,0
0.5274725274725276,1,0,0,0.16809970684092435,0.3684210526315789,bad,0,1,0,1,0,0,0,0,0,1,0,0,0
0.26373626373626374,2,1,0,0.4416711705072143,0.5263157894736842,bad,0,1,0,1,0,0,0,0,0,0,1,0,0
0.4615384615384616,0,0,1,0.4376095252133183,0.3684210526315789,good,0,1,0,1,0,1,0,0,0,0,0,0,0
0.10989010989010989,2,0,0,0.24828444619138865,0.8421052631578947,bad,0,1,0,1,0,1,0,0,0,0,0,0,0
0.19780219780219782,2,2,1,0.506133411945823,0.5263157894736842,bad,1,0,0,0,1,0,1,0,0,0,0,0,0
0.1538461538461539,3,0,0,1.0,0.8421052631578947,bad,1,0,0,1,0,0,0,0,0,1,0,0,0
0.21978021978021983,2,0,0,0.2152672005764916,0.21052631578947367,good,1,0,0,1,0,0,1,0,0,0,0,0,0
0.8351648351648351,3,3,0,0.12853142042942073,0.5263157894736842,good,1,0,0,0,1,0,0,0,0,0,1,0,0
0.6593406593406594,1,0,2,0.4462568990648389,0.6842105263157895,good,0,1,0,1,0,0,0,0,0,0,1,0,0
0.3956043956043957,1,0,1,0.1184428176026466,0.13157894736842105,good,0,1,0,1,0,0,0,0,0,0,1,0,0
0.5714285714285714,1,0,0,0.4921141846410849,0.631578947368421,bad,0,1,0,1,0,0,1,0,0,0,0,0,0
0.24175824175824184,2,1,1,0.36934768011267793,0.5263157894736842,good,0,1,1,0,0,0,0,0,0,1,0,0,0
0.24175824175824184,2,0,0,0.19522101573887551,0.05263157894736842,good,0,1,0,0,1,0,0,0,0,0,1,0,0
0.6153846153846154,2,0,1,0.2755367759052719,0.4473684210526315,good,0,1,0,1,0,0,1,0,0,0,0,0,0
0.21978021978021983,2,0,0,0.43315481747162576,0.2894736842105263,good,0,1,0,1,0,0,1,0,0,0,0,0,0
0.3516483516483517,2,2,0,0.2813016918062857,0.5263157894736842,bad,0,1,0,1,0,0,0,0,0,0,1,0,0
0.06593406593406598,1,0,1,0.026728246450154765,0.05263157894736842,good,0,1,0,1,0,0,0,0,0,0,0,1,0
0.1538461538461539,2,0,1,0.19194549534057223,0.6842105263157895,good,1,0,0,1,0,0,0,0,0,0,1,0,0
0.08791208791208799,1,2,1,0.29741725216593784,0.6052631578947368,bad,0,1,0,1,0,0,0,0,0,0,1,0,0
0.7692307692307692,3,0,0,0.4347270672628114,0.2894736842105263,good,1,0,0,0,1,0,0,0,0,0,1,0,0
0.21978021978021983,2,0,0,0.9061399629866195,0.9999999999999999,good,0,1,0,0,1,0,0,0,0,0,1,0,0
0.4615384615384616,1,0,0,0.48333578997363214,0.1842105263157895,good,0,1,0,1,0,0,1,0,0,0,0,0,0
0.06593406593406598,2,1,1,0.16561031133821386,0.2894736842105263,good,0,1,0,1,0,0,0,0,0,0,0,1,0
0.5274725274725276,1,0,0,0.9358816882032133,0.5263157894736842,good,0,1,0,1,0,0,1,0,0,0,0,0,0
0.21978021978021983,0,0,0,0.12355262942399975,0.5263157894736842,bad,1,0,0,0,1,0,1,0,0,0,0,0,0
0.3736263736263737,2,0,0,0.9233036898737287,0.9999999999999999,bad,0,1,0,0,1,1,0,0,0,0,0,0,0
0.30769230769230776,2,0,0,0.3381647259208307,0.6842105263157895,good,1,0,0,1,0,0,0,0,0,0,1,0,0
0.8351648351648351,1,2,2,0.13206898245958826,0.5263157894736842,good,1,0,0,1,0,0,0,0,0,0,1,0,0
0.989010989010989,2,0,1,0.065903470413862,0.05263157894736842,good,1,0,0,1,0,0,0,0,0,0,1,0,0
0.5054945054945055,2,0,1,0.2852323162842496,0.3684210526315789,good,0,1,0,1,0,1,0,0,0,0,0,0,0
0.6153846153846154,1,0,0,0.2997756268527162,0.5263157894736842,bad,0,1,0,1,0,0,1,0,0,0,0,0,0
0.1318681318681319,2,1,1,0.13285510735518105,0.2894736842105263,bad,0,1,0,0,1,0,1,0,0,0,0,0,0
0.6593406593406594,2,0,1,1.0,0.6842105263157895,bad,0,1,0,1,0,0,0,0,0,1,0,0,0
0.30769230769230776,3,0,0,0.6019096283922108,0.9999999999999999,bad,0,1,0,0,1,1,0,0,0,0,0,0,0
0.19780219780219782,3,1,2,0.3502186409865867,0.4473684210526315,good,1,0,0,1,0,0,1,0,0,0,0,0,0
0.1538461538461539,2,0,0,1.0,0.8421052631578947,bad,0,1,0,1,0,0,1,0,0,0,0,0,0
0.24175824175824184,1,0,0,0.2329550107273293,0.5263157894736842,good,0,1,0,1,0,0,0,0,0,1,0,0,0
0.1318681318681319,2,0,0,0.15499762524771124,0.2894736842105263,good,1,0,0,0,1,0,0,0,0,1,0,0,0
0.30769230769230776,2,0,2,0.7912347074141405,0.9999999999999999,good,0,1,0,1,0,1,0,0,0,0,0,0,0
0.989010989010989,2,1,0,0.15185312566534007,0.23684210526315785,good,1,0,0,1,0,0,0,0,0,0,1,0,0
0.21978021978021983,3,0,0,0.8292307440344585,0.5263157894736842,good,0,1,1,0,0,0,1,0,0,0,0,0,0
0.6373626373626373,1,0,1,0.1956140781866719,0.5263157894736842,good,0,1,0,1,0,0,0,0,0,0,1,0,0
0.3956043956043957,1,0,0,0.43433400481501494,0.21052631578947367,good,0,1,0,1,0,0,0,0,1,0,0,0,0
0.32967032967032966,1,1,0,0.17281645621448108,0.2894736842105263,good,0,1,0,1,0,0,0,0,0,0,1,0,0
0.08791208791208799,1,0,0,0.2209010956615732,0.3684210526315789,good,0,1,0,0,1,0,0,0,0,0,1,0,0
0.24175824175824184,3,0,0,0.48595620629227465,0.8421052631578947,good,0,1,0,1,0,0,0,0,0,1,0,0,0
0.6813186813186813,2,0,0,0.2803845460947608,0.21052631578947367,good,0,1,0,1,0,0,1,0,0,0,0,0,0
0.26373626373626374,1,0,0,0.194696932475147,0.21052631578947367,good,1,0,0,1,0,0,0,0,0,1,0,0,0
0.4615384615384616,3,0,0,0.47259208306719735,0.6842105263157895,good,0,1,0,1,0,0,1,0,0,0,0,0,0
0.4175824175824176,2,0,0,0.0725855320264007,0.21052631578947367,good,0,1,0,1,0,0,0,0,0,0,1,0,0
0.08791208791208799,2,0,0,0.20897820141174928,0.9999999999999999,bad,0,1,1,0,0,0,0,0,0,0,1,0,0
0.1758241758241758,2,1,1,0.5667960497223997,0.9999999999999999,good,0,1,0,1,0,0,1,0,0,0,0,0,0
